20141226 000000;2084.30;2092.70;2084.30;2088.77;1735230000;
20141224 000000;2083.25;2087.56;2081.86;2081.88;1416980000;
20141223 000000;2081.48;2086.73;2079.77;2082.17;3043950000;
20141222 000000;2069.28;2078.76;2069.28;2078.54;3369520000;
20141219 000000;2061.04;2077.85;2061.03;2070.65;6465530000;
20141218 000000;2018.98;2061.23;2018.98;2061.23;4703380000;
20141217 000000;1973.77;2016.75;1973.77;2012.89;4912370000;
20141216 000000;1986.71;2016.89;1972.56;1972.74;4958680000;
20141215 000000;2005.03;2018.69;1982.26;1989.63;4361990000;
20141212 000000;2030.36;2032.25;2002.33;2002.33;4157650000;
20141211 000000;2027.92;2055.53;2027.92;2035.33;3917950000;
20141210 000000;2058.86;2058.86;2024.26;2026.14;4114440000;
20141209 000000;2056.55;2060.60;2034.17;2059.82;3970150000;
20141208 000000;2074.84;2075.78;2054.27;2060.31;3800990000;
20141205 000000;2072.78;2079.47;2070.81;2075.37;3419620000;
20141204 000000;2073.64;2077.34;2062.34;2071.92;3408340000;
20141203 000000;2067.45;2076.28;2066.65;2074.33;3612680000;
20141202 000000;2053.77;2068.77;2053.77;2066.55;3686650000;
20141201 000000;2065.78;2065.78;2049.57;2053.44;4159010000;
20141128 000000;2074.78;2075.76;2065.06;2067.56;2504640000;
20141126 000000;2067.36;2073.29;2066.62;2072.83;2745260000;
20141125 000000;2070.15;2074.21;2064.75;2067.03;3392940000;
20141124 000000;2065.07;2070.17;2065.07;2069.41;3128060000;
20141121 000000;2057.46;2071.46;2056.75;2063.50;3916420000;
20141120 000000;2045.87;2053.84;2040.49;2052.75;3128290000;
20141119 000000;2051.16;2052.14;2040.37;2048.72;3390850000;
20141118 000000;2041.48;2056.08;2041.48;2051.80;3416190000;
20141117 000000;2038.29;2043.07;2034.46;2041.32;3152890000;
20141114 000000;2039.74;2042.22;2035.20;2039.82;3227130000;
20141113 000000;2039.21;2046.18;2030.44;2039.33;3455270000;
20141112 000000;2037.75;2040.33;2031.95;2038.25;3246650000;
20141111 000000;2038.20;2041.28;2035.28;2039.68;2958320000;
20141110 000000;2032.01;2038.70;2030.17;2038.26;3284940000;
20141107 000000;2032.36;2034.26;2025.07;2031.92;3704280000;
20141106 000000;2023.33;2031.61;2015.86;2031.21;3669770000;
20141105 000000;2015.29;2023.77;2014.42;2023.57;3766590000;
20141104 000000;2015.81;2015.98;2001.01;2012.10;3956260000;
20141103 000000;2018.21;2024.46;2013.68;2017.81;3555440000;
20141031 000000;2001.20;2018.19;2001.20;2018.05;4292290000;
20141030 000000;1979.49;1999.40;1974.75;1994.65;3586150000;
20141029 000000;1983.29;1991.40;1969.04;1982.30;3740350000;
20141028 000000;1964.14;1985.05;1964.14;1985.05;3653260000;
20141027 000000;1962.97;1964.64;1951.37;1961.63;3538860000;
20141024 000000;1951.59;1965.27;1946.27;1964.58;3078380000;
20141023 000000;1931.02;1961.95;1931.02;1950.82;3789250000;
20141022 000000;1941.29;1949.31;1926.83;1927.11;3761930000;
20141021 000000;1909.38;1942.45;1909.38;1941.28;3987090000;
20141020 000000;1885.62;1905.03;1882.30;1904.01;3331210000;
20141017 000000;1864.91;1898.16;1864.91;1886.76;4482120000;
20141016 000000;1855.95;1876.01;1835.02;1862.76;5073150000;
20141015 000000;1874.18;1874.18;1820.66;1862.49;6090800000;
20141014 000000;1877.11;1898.71;1871.79;1877.70;4812010000;
20141013 000000;1905.65;1912.09;1874.14;1874.74;4352580000;
20141010 000000;1925.63;1936.98;1906.05;1906.13;4550540000;
20141009 000000;1967.68;1967.68;1927.56;1928.21;4324020000;
20141008 000000;1935.55;1970.36;1925.25;1968.89;4441890000;
20141007 000000;1962.36;1962.36;1934.87;1935.10;3687870000;
20141006 000000;1970.01;1977.84;1958.43;1964.82;347994400;
20141003 000000;1948.12;1971.19;1948.12;1967.90;383905300;
20141002 000000;1945.83;1952.32;1926.03;1946.17;438387000;
20141001 000000;1971.44;1971.44;1941.72;1946.16;459648300;
20140930 000000;1978.21;1985.17;1968.96;1972.29;411192100;
20140929 000000;1978.96;1981.28;1964.04;1977.80;344167300;
20140926 000000;1966.22;1986.37;1966.22;1982.85;344075700;
20140925 000000;1997.32;1997.32;1966.56;1965.99;390375700;
20140924 000000;1983.34;1999.79;1978.63;1998.30;354694500;
20140923 000000;1992.78;1995.41;1982.86;1982.77;367099900;
20140922 000000;2009.08;2009.08;1991.01;1994.29;380736400;
20140919 000000;2010.40;2010.40;2010.40;2010.40;000;
20140918 000000;2011.36;2011.36;2011.36;2011.36;000;
20140917 000000;2001.57;2001.57;2001.57;2001.57;000;
20140916 000000;1998.98;1998.98;1998.98;1998.98;000;
20140915 000000;1984.13;1984.13;1984.13;1984.13;000;
20140912 000000;1985.54;1985.54;1985.54;1985.54;000;
20140911 000000;1997.45;1997.45;1997.45;1997.45;000;
20140910 000000;1995.69;1995.69;1995.69;1995.69;000;
20140909 000000;1988.44;1988.44;1988.44;1988.44;000;
20140908 000000;2001.54;2001.54;2001.54;2001.54;000;
20140905 000000;2007.71;2007.71;2007.71;2007.71;000;
20140904 000000;1997.65;1997.65;1997.65;1997.65;000;
20140903 000000;2000.72;2000.72;2000.72;2000.72;000;
20140902 000000;2002.28;2002.28;2002.28;2002.28;000;
20140829 000000;2003.37;2003.37;2003.37;2003.37;000;
20140828 000000;1996.74;1996.74;1996.74;1996.74;000;
20140827 000000;2000.12;2000.12;2000.12;2000.12;000;
20140826 000000;2000.02;2000.02;2000.02;2000.02;000;
20140825 000000;1997.92;1997.92;1997.92;1997.92;000;
20140822 000000;1988.40;1988.40;1988.40;1988.40;000;
20140821 000000;1992.37;1992.37;1992.37;1992.37;000;
20140820 000000;1986.51;1986.51;1986.51;1986.51;000;
20140819 000000;1981.60;1981.60;1981.60;1981.60;000;
20140818 000000;1971.74;1971.74;1971.74;1971.74;000;
20140815 000000;1955.06;1955.06;1955.06;1955.06;000;
20140814 000000;1955.18;1955.18;1955.18;1955.18;000;
20140813 000000;1946.72;1946.72;1946.72;1946.72;000;
20140812 000000;1933.75;1933.75;1933.75;1933.75;000;
20140811 000000;1936.92;1936.92;1936.92;1936.92;000;
20140808 000000;1931.59;1931.59;1931.59;1931.59;000;
20140807 000000;1909.57;1909.57;1909.57;1909.57;000;
20140806 000000;1920.24;1920.24;1920.24;1920.24;000;
20140805 000000;1920.21;1920.21;1920.21;1920.21;000;
20140804 000000;1938.99;1938.99;1938.99;1938.99;000;
20140801 000000;1925.15;1925.15;1925.15;1925.15;000;
20140731 000000;1930.67;1930.67;1930.67;1930.67;000;
20140730 000000;1970.07;1970.07;1970.07;1970.07;000;
20140729 000000;1969.95;1969.95;1969.95;1969.95;000;
20140728 000000;1978.91;1978.91;1978.91;1978.91;000;
20140725 000000;1978.34;1978.34;1978.34;1978.34;000;
20140724 000000;1987.98;1987.98;1987.98;1987.98;000;
20140723 000000;1987.01;1987.01;1987.01;1987.01;000;
20140722 000000;1983.53;1983.53;1983.53;1983.53;000;
20140721 000000;1973.63;1973.63;1973.63;1973.63;000;
20140718 000000;1978.22;1978.22;1978.22;1978.22;000;
20140717 000000;1958.12;1958.12;1958.12;1958.12;000;
20140716 000000;1981.57;1981.57;1981.57;1981.57;000;
20140715 000000;1973.28;1973.28;1973.28;1973.28;000;
20140714 000000;1977.10;1977.10;1977.10;1977.10;000;
20140711 000000;1967.57;1967.57;1967.57;1967.57;000;
20140710 000000;1964.68;1964.68;1964.68;1964.68;000;
20140709 000000;1972.83;1972.83;1972.83;1972.83;000;
20140708 000000;1963.71;1963.71;1963.71;1963.71;000;
20140707 000000;1977.65;1977.65;1977.65;1977.65;000;
20140703 000000;1985.44;1985.44;1985.44;1985.44;000;
20140702 000000;1974.62;1974.62;1974.62;1974.62;000;
20140701 000000;1973.32;1973.32;1973.32;1973.32;000;
20140630 000000;1960.23;1960.23;1960.23;1960.23;000;
20140627 000000;1960.96;1960.96;1960.96;1960.96;000;
20140626 000000;1957.22;1957.22;1957.22;1957.22;000;
20140625 000000;1959.53;1959.53;1959.53;1959.53;000;
20140624 000000;1949.98;1949.98;1949.98;1949.98;000;
20140623 000000;1962.61;1962.61;1962.61;1962.61;000;
20140620 000000;1962.87;1962.87;1962.87;1962.87;000;
20140619 000000;1959.48;1959.48;1959.48;1959.48;000;
20140618 000000;1956.98;1956.98;1956.98;1956.98;000;
20140617 000000;1941.99;1941.99;1941.99;1941.99;000;
20140616 000000;1937.78;1937.78;1937.78;1937.78;000;
20140613 000000;1936.16;1936.16;1936.16;1936.16;000;
20140612 000000;1930.11;1930.11;1930.11;1930.11;000;
20140611 000000;1943.89;1943.89;1943.89;1943.89;000;
20140610 000000;1950.79;1950.79;1950.79;1950.79;000;
20140609 000000;1951.27;1951.27;1951.27;1951.27;000;
20140606 000000;1949.44;1949.44;1949.44;1949.44;000;
20140605 000000;1940.46;1940.46;1940.46;1940.46;000;
20140604 000000;1927.88;1927.88;1927.88;1927.88;000;
20140603 000000;1924.24;1924.24;1924.24;1924.24;000;
20140602 000000;1924.97;1924.97;1924.97;1924.97;000;
20140530 000000;1923.57;1923.57;1923.57;1923.57;000;
20140529 000000;1920.03;1920.03;1920.03;1920.03;000;
20140528 000000;1909.78;1909.78;1909.78;1909.78;000;
20140527 000000;1911.91;1911.91;1911.91;1911.91;000;
20140523 000000;1900.53;1900.53;1900.53;1900.53;000;
20140522 000000;1892.49;1892.49;1892.49;1892.49;000;
20140521 000000;1888.03;1888.03;1888.03;1888.03;000;
20140520 000000;1872.83;1872.83;1872.83;1872.83;000;
20140519 000000;1885.08;1885.08;1885.08;1885.08;000;
20140516 000000;1877.86;1877.86;1877.86;1877.86;000;
20140515 000000;1870.85;1870.85;1870.85;1870.85;000;
20140514 000000;1888.53;1888.53;1888.53;1888.53;000;
20140513 000000;1897.45;1897.45;1897.45;1897.45;000;
20140512 000000;1896.65;1896.65;1896.65;1896.65;000;
20140509 000000;1878.48;1878.48;1878.48;1878.48;000;
20140508 000000;1875.63;1875.63;1875.63;1875.63;000;
20140507 000000;1878.21;1878.21;1878.21;1878.21;000;
20140506 000000;1867.72;1867.72;1867.72;1867.72;000;
20140505 000000;1884.66;1884.66;1884.66;1884.66;000;
20140502 000000;1881.14;1881.14;1881.14;1881.14;000;
20140501 000000;1883.68;1883.68;1883.68;1883.68;000;
20140430 000000;1883.95;1883.95;1883.95;1883.95;000;
20140429 000000;1878.33;1878.33;1878.33;1878.33;000;
20140428 000000;1869.43;1869.43;1869.43;1869.43;000;
20140425 000000;1863.40;1863.40;1863.40;1863.40;000;
20140424 000000;1878.61;1878.61;1878.61;1878.61;000;
20140423 000000;1875.39;1875.39;1875.39;1875.39;000;
20140422 000000;1879.55;1879.55;1879.55;1879.55;000;
20140421 000000;1871.89;1871.89;1871.89;1871.89;000;
20140417 000000;1864.85;1864.85;1864.85;1864.85;000;
20140416 000000;1862.31;1862.31;1862.31;1862.31;000;
20140415 000000;1842.98;1842.98;1842.98;1842.98;000;
20140414 000000;1830.61;1830.61;1830.61;1830.61;000;
20140411 000000;1815.69;1815.69;1815.69;1815.69;000;
20140410 000000;1833.08;1833.08;1833.08;1833.08;000;
20140409 000000;1872.18;1872.18;1872.18;1872.18;000;
20140408 000000;1851.96;1851.96;1851.96;1851.96;000;
20140407 000000;1845.04;1845.04;1845.04;1845.04;000;
20140404 000000;1865.09;1865.09;1865.09;1865.09;000;
20140403 000000;1888.77;1888.77;1888.77;1888.77;000;
20140402 000000;1890.90;1890.90;1890.90;1890.90;000;
20140401 000000;1885.52;1885.52;1885.52;1885.52;000;
20140331 000000;1872.34;1872.34;1872.34;1872.34;000;
20140328 000000;1857.62;1857.62;1857.62;1857.62;000;
20140327 000000;1849.04;1849.04;1849.04;1849.04;000;
20140326 000000;1852.56;1852.56;1852.56;1852.56;000;
20140325 000000;1865.62;1865.62;1865.62;1865.62;000;
20140324 000000;1857.44;1857.44;1857.44;1857.44;000;
20140321 000000;1866.52;1866.52;1866.52;1866.52;000;
20140320 000000;1872.01;1872.01;1872.01;1872.01;000;
20140319 000000;1860.77;1860.77;1860.77;1860.77;000;
20140318 000000;1872.25;1872.25;1872.25;1872.25;000;
20140317 000000;1858.83;1858.83;1858.83;1858.83;000;
20140314 000000;1841.13;1841.13;1841.13;1841.13;000;
20140313 000000;1846.34;1846.34;1846.34;1846.34;000;
20140312 000000;1868.20;1868.20;1868.20;1868.20;000;
20140311 000000;1867.63;1867.63;1867.63;1867.63;000;
20140310 000000;1877.17;1877.17;1877.17;1877.17;000;
20140307 000000;1878.04;1878.04;1878.04;1878.04;000;
20140306 000000;1877.03;1877.03;1877.03;1877.03;000;
20140305 000000;1873.81;1873.81;1873.81;1873.81;000;
20140304 000000;1873.91;1873.91;1873.91;1873.91;000;
20140303 000000;1845.73;1845.73;1845.73;1845.73;000;
20140228 000000;1859.45;1859.45;1859.45;1859.45;000;
20140227 000000;1854.29;1854.29;1854.29;1854.29;000;
20140226 000000;1845.16;1845.16;1845.16;1845.16;000;
20140225 000000;1845.12;1845.12;1845.12;1845.12;000;
20140224 000000;1847.61;1847.61;1847.61;1847.61;000;
20140221 000000;1836.25;1836.25;1836.25;1836.25;000;
20140220 000000;1839.78;1839.78;1839.78;1839.78;000;
20140219 000000;1828.75;1828.75;1828.75;1828.75;000;
20140218 000000;1840.76;1840.76;1840.76;1840.76;000;
20140214 000000;1838.63;1838.63;1838.63;1838.63;000;
20140213 000000;1829.83;1829.83;1829.83;1829.83;000;
20140212 000000;1819.26;1819.26;1819.26;1819.26;000;
20140211 000000;1819.75;1819.75;1819.75;1819.75;000;
20140210 000000;1799.84;1799.84;1799.84;1799.84;000;
20140207 000000;1797.02;1797.02;1797.02;1797.02;000;
20140206 000000;1773.43;1773.43;1773.43;1773.43;000;
20140205 000000;1751.64;1751.64;1751.64;1751.64;000;
20140204 000000;1755.20;1755.20;1755.20;1755.20;000;
20140203 000000;1741.89;1741.89;1741.89;1741.89;000;
20140131 000000;1782.59;1782.59;1782.59;1782.59;000;
20140130 000000;1794.19;1794.19;1794.19;1794.19;000;
20140129 000000;1774.20;1774.20;1774.20;1774.20;000;
20140128 000000;1792.50;1792.50;1792.50;1792.50;000;
20140127 000000;1781.56;1781.56;1781.56;1781.56;000;
20140124 000000;1790.29;1790.29;1790.29;1790.29;000;
20140123 000000;1828.46;1828.46;1828.46;1828.46;000;
20140122 000000;1844.86;1844.86;1844.86;1844.86;000;
20140121 000000;1843.80;1843.80;1843.80;1843.80;000;
20140117 000000;1838.70;1838.70;1838.70;1838.70;000;
20140116 000000;1845.89;1845.89;1845.89;1845.89;000;
20140115 000000;1848.38;1848.38;1848.38;1848.38;000;
20140114 000000;1838.88;1838.88;1838.88;1838.88;000;
20140113 000000;1819.20;1819.20;1819.20;1819.20;000;
20140110 000000;1842.37;1842.37;1842.37;1842.37;000;
20140109 000000;1838.13;1838.13;1838.13;1838.13;000;
20140108 000000;1837.49;1837.49;1837.49;1837.49;000;
20140107 000000;1837.88;1837.88;1837.88;1837.88;000;
20140106 000000;1826.77;1826.77;1826.77;1826.77;000;
20140103 000000;1831.37;1831.37;1831.37;1831.37;000;
20140102 000000;1831.98;1831.98;1831.98;1831.98;000;
20131231 000000;1848.36;1848.36;1848.36;1848.36;000;
20131230 000000;1841.07;1841.07;1841.07;1841.07;000;
20131227 000000;1841.40;1841.40;1841.40;1841.40;000;
20131226 000000;1842.02;1842.02;1842.02;1842.02;000;
20131224 000000;1833.32;1833.32;1833.32;1833.32;000;
20131223 000000;1827.99;1827.99;1827.99;1827.99;000;
20131220 000000;1818.32;1818.32;1818.32;1818.32;000;
20131219 000000;1809.60;1809.60;1809.60;1809.60;000;
20131218 000000;1810.65;1810.65;1810.65;1810.65;000;
20131217 000000;1781.00;1781.00;1781.00;1781.00;000;
20131216 000000;1786.54;1786.54;1786.54;1786.54;000;
20131213 000000;1775.32;1775.32;1775.32;1775.32;000;
20131212 000000;1775.50;1775.50;1775.50;1775.50;000;
20131211 000000;1782.22;1782.22;1782.22;1782.22;000;
20131210 000000;1802.62;1802.62;1802.62;1802.62;000;
20131209 000000;1808.37;1808.37;1808.37;1808.37;000;
20131206 000000;1805.09;1805.09;1805.09;1805.09;000;
20131205 000000;1785.03;1785.03;1785.03;1785.03;000;
20131204 000000;1792.81;1792.81;1792.81;1792.81;000;
20131203 000000;1795.15;1795.15;1795.15;1795.15;000;
20131202 000000;1800.90;1800.90;1800.90;1800.90;000;
20131129 000000;1805.81;1805.81;1805.81;1805.81;000;
20131127 000000;1807.23;1807.23;1807.23;1807.23;000;
20131126 000000;1802.75;1802.75;1802.75;1802.75;000;
20131125 000000;1802.48;1802.48;1802.48;1802.48;000;
20131122 000000;1804.76;1804.76;1804.76;1804.76;000;
20131121 000000;1795.85;1795.85;1795.85;1795.85;000;
20131120 000000;1781.37;1781.37;1781.37;1781.37;000;
20131119 000000;1787.87;1787.87;1787.87;1787.87;000;
20131118 000000;1791.53;1791.53;1791.53;1791.53;000;
20131115 000000;1798.18;1798.18;1798.18;1798.18;000;
20131114 000000;1790.62;1790.62;1790.62;1790.62;000;
20131113 000000;1782.00;1782.00;1782.00;1782.00;000;
20131112 000000;1767.69;1767.69;1767.69;1767.69;000;
20131111 000000;1771.89;1771.89;1771.89;1771.89;000;
20131108 000000;1770.61;1770.61;1770.61;1770.61;000;
20131107 000000;1747.15;1747.15;1747.15;1747.15;000;
20131106 000000;1770.49;1770.49;1770.49;1770.49;000;
20131105 000000;1762.97;1762.97;1762.97;1762.97;000;
20131104 000000;1767.93;1767.93;1767.93;1767.93;000;
20131101 000000;1761.64;1761.64;1761.64;1761.64;000;
20131031 000000;1756.54;1756.54;1756.54;1756.54;000;
20131030 000000;1763.31;1763.31;1763.31;1763.31;000;
20131029 000000;1771.95;1771.95;1771.95;1771.95;000;
20131028 000000;1762.11;1762.11;1762.11;1762.11;000;
20131025 000000;1759.77;1759.77;1759.77;1759.77;000;
20131024 000000;1752.07;1752.07;1752.07;1752.07;000;
20131023 000000;1746.38;1746.38;1746.38;1746.38;000;
20131022 000000;1754.67;1754.67;1754.67;1754.67;000;
20131021 000000;1744.66;1744.66;1744.66;1744.66;000;
20131018 000000;1744.50;1744.50;1744.50;1744.50;000;
20131017 000000;1733.15;1733.15;1733.15;1733.15;000;
20131016 000000;1721.54;1721.54;1721.54;1721.54;000;
20131015 000000;1698.06;1698.06;1698.06;1698.06;000;
20131014 000000;1710.14;1710.14;1710.14;1710.14;000;
20131011 000000;1703.20;1703.20;1703.20;1703.20;000;
20131010 000000;1692.56;1692.56;1692.56;1692.56;000;
20131009 000000;1656.40;1656.40;1656.40;1656.40;000;
20131008 000000;1655.45;1655.45;1655.45;1655.45;000;
20131007 000000;1676.12;1676.12;1676.12;1676.12;000;
20131004 000000;1690.50;1690.50;1690.50;1690.50;000;
20131003 000000;1678.66;1678.66;1678.66;1678.66;000;
20131002 000000;1693.87;1693.87;1693.87;1693.87;000;
20131001 000000;1695.00;1695.00;1695.00;1695.00;000;
20130930 000000;1681.55;1681.55;1681.55;1681.55;000;
20130927 000000;1691.75;1691.75;1691.75;1691.75;000;
20130926 000000;1698.67;1698.67;1698.67;1698.67;000;
20130925 000000;1692.77;1692.77;1692.77;1692.77;000;
20130924 000000;1697.42;1697.42;1697.42;1697.42;000;
20130923 000000;1701.84;1701.84;1701.84;1701.84;000;
20130920 000000;1709.91;1709.91;1709.91;1709.91;000;
20130919 000000;1722.34;1722.34;1722.34;1722.34;000;
20130918 000000;1725.52;1725.52;1725.52;1725.52;000;
20130917 000000;1704.76;1704.76;1704.76;1704.76;000;
20130916 000000;1697.60;1697.60;1697.60;1697.60;000;
20130913 000000;1687.99;1687.99;1687.99;1687.99;000;
20130912 000000;1683.42;1683.42;1683.42;1683.42;000;
20130911 000000;1689.13;1689.13;1689.13;1689.13;000;
20130910 000000;1683.99;1683.99;1683.99;1683.99;000;
20130909 000000;1671.71;1671.71;1671.71;1671.71;000;
20130906 000000;1655.17;1655.17;1655.17;1655.17;000;
20130905 000000;1655.08;1655.08;1655.08;1655.08;000;
20130904 000000;1653.08;1653.08;1653.08;1653.08;000;
20130903 000000;1639.77;1639.77;1639.77;1639.77;000;
20130830 000000;1632.97;1632.97;1632.97;1632.97;000;
20130829 000000;1638.17;1638.17;1638.17;1638.17;000;
20130828 000000;1634.96;1634.96;1634.96;1634.96;000;
20130827 000000;1630.48;1630.48;1630.48;1630.48;000;
20130826 000000;1656.78;1656.78;1656.78;1656.78;000;
20130823 000000;1663.50;1663.50;1663.50;1663.50;000;
20130822 000000;1656.96;1656.96;1656.96;1656.96;000;
20130821 000000;1642.80;1642.80;1642.80;1642.80;000;
20130820 000000;1652.35;1652.35;1652.35;1652.35;000;
20130819 000000;1646.06;1646.06;1646.06;1646.06;000;
20130816 000000;1655.83;1655.83;1655.83;1655.83;000;
20130815 000000;1661.32;1661.32;1661.32;1661.32;000;
20130814 000000;1685.39;1685.39;1685.39;1685.39;000;
20130813 000000;1694.16;1694.16;1694.16;1694.16;000;
20130812 000000;1689.47;1689.47;1689.47;1689.47;000;
20130809 000000;1691.42;1691.42;1691.42;1691.42;000;
20130808 000000;1697.48;1697.48;1697.48;1697.48;000;
20130807 000000;1690.91;1690.91;1690.91;1690.91;000;
20130806 000000;1697.37;1697.37;1697.37;1697.37;000;
20130805 000000;1707.14;1707.14;1707.14;1707.14;000;
20130802 000000;1709.67;1709.67;1709.67;1709.67;000;
20130801 000000;1706.87;1706.87;1706.87;1706.87;000;
20130731 000000;1685.72;1685.72;1685.72;1685.72;000;
20130730 000000;1685.96;1685.96;1685.96;1685.96;000;
20130729 000000;1685.33;1685.33;1685.33;1685.33;000;
20130726 000000;1691.65;1691.65;1691.65;1691.65;000;
20130725 000000;1690.25;1690.25;1690.25;1690.25;000;
20130724 000000;1685.94;1685.94;1685.94;1685.94;000;
20130723 000000;1692.39;1692.39;1692.39;1692.39;000;
20130722 000000;1695.53;1695.53;1695.53;1695.53;000;
20130719 000000;1692.09;1692.09;1692.09;1692.09;000;
20130718 000000;1689.37;1689.37;1689.37;1689.37;000;
20130717 000000;1680.91;1680.91;1680.91;1680.91;000;
20130716 000000;1676.26;1676.26;1676.26;1676.26;000;
20130715 000000;1682.50;1682.50;1682.50;1682.50;000;
20130712 000000;1680.19;1680.19;1680.19;1680.19;000;
20130711 000000;1675.02;1675.02;1675.02;1675.02;000;
20130710 000000;1652.62;1652.62;1652.62;1652.62;000;
20130709 000000;1652.32;1652.32;1652.32;1652.32;000;
20130708 000000;1640.46;1640.46;1640.46;1640.46;000;
20130705 000000;1631.89;1631.89;1631.89;1631.89;000;
20130703 000000;1615.41;1615.41;1615.41;1615.41;000;
20130702 000000;1614.08;1614.08;1614.08;1614.08;000;
20130701 000000;1614.96;1614.96;1614.96;1614.96;000;
20130628 000000;1606.28;1606.28;1606.28;1606.28;000;
20130627 000000;1613.20;1613.20;1613.20;1613.20;000;
20130626 000000;1603.26;1603.26;1603.26;1603.26;000;
20130625 000000;1588.03;1588.03;1588.03;1588.03;000;
20130624 000000;1573.09;1573.09;1573.09;1573.09;000;
20130621 000000;1592.43;1592.43;1592.43;1592.43;000;
20130620 000000;1588.19;1588.19;1588.19;1588.19;000;
20130619 000000;1628.93;1628.93;1628.93;1628.93;000;
20130618 000000;1651.81;1651.81;1651.81;1651.81;000;
20130617 000000;1639.04;1639.04;1639.04;1639.04;000;
20130614 000000;1626.73;1626.73;1626.73;1626.73;000;
20130613 000000;1636.36;1636.36;1636.36;1636.36;000;
20130612 000000;1612.52;1612.52;1612.52;1612.52;000;
20130611 000000;1626.13;1626.13;1626.13;1626.13;000;
20130610 000000;1642.81;1642.81;1642.81;1642.81;000;
20130607 000000;1643.38;1643.38;1643.38;1643.38;000;
20130606 000000;1622.56;1622.56;1622.56;1622.56;000;
20130605 000000;1608.90;1608.90;1608.90;1608.90;000;
20130604 000000;1631.38;1631.38;1631.38;1631.38;000;
20130603 000000;1640.42;1640.42;1640.42;1640.42;000;
20130531 000000;1630.74;1630.74;1630.74;1630.74;000;
20130530 000000;1654.41;1654.41;1654.41;1654.41;000;
20130529 000000;1648.36;1648.36;1648.36;1648.36;000;
20130528 000000;1660.06;1660.06;1660.06;1660.06;000;
20130524 000000;1649.60;1649.60;1649.60;1649.60;000;
20130523 000000;1650.51;1650.51;1650.51;1650.51;000;
20130522 000000;1655.35;1655.35;1655.35;1655.35;000;
20130521 000000;1669.16;1669.16;1669.16;1669.16;000;
20130520 000000;1666.29;1666.29;1666.29;1666.29;000;
20130517 000000;1667.47;1667.47;1667.47;1667.47;000;
20130516 000000;1650.47;1650.47;1650.47;1650.47;000;
20130515 000000;1658.78;1658.78;1658.78;1658.78;000;
20130514 000000;1650.34;1650.34;1650.34;1650.34;000;
20130513 000000;1633.77;1633.77;1633.77;1633.77;000;
20130510 000000;1633.70;1633.70;1633.70;1633.70;000;
20130509 000000;1626.67;1626.67;1626.67;1626.67;000;
20130508 000000;1632.69;1632.69;1632.69;1632.69;000;
20130507 000000;1625.96;1625.96;1625.96;1625.96;000;
20130506 000000;1617.50;1617.50;1617.50;1617.50;000;
20130503 000000;1614.42;1614.42;1614.42;1614.42;000;
20130502 000000;1597.59;1597.59;1597.59;1597.59;000;
20130501 000000;1582.70;1582.70;1582.70;1582.70;000;
20130430 000000;1597.57;1597.57;1597.57;1597.57;000;
20130429 000000;1593.61;1593.61;1593.61;1593.61;000;
20130426 000000;1582.24;1582.24;1582.24;1582.24;000;
20130425 000000;1585.16;1585.16;1585.16;1585.16;000;
20130424 000000;1578.79;1578.79;1578.79;1578.79;000;
20130423 000000;1578.78;1578.78;1578.78;1578.78;000;
20130422 000000;1562.50;1562.50;1562.50;1562.50;000;
20130419 000000;1555.25;1555.25;1555.25;1555.25;000;
20130418 000000;1541.61;1541.61;1541.61;1541.61;000;
20130417 000000;1552.01;1552.01;1552.01;1552.01;000;
20130416 000000;1574.57;1574.57;1574.57;1574.57;000;
20130415 000000;1552.36;1552.36;1552.36;1552.36;000;
20130412 000000;1588.85;1588.85;1588.85;1588.85;000;
20130411 000000;1593.37;1593.37;1593.37;1593.37;000;
20130410 000000;1587.73;1587.73;1587.73;1587.73;000;
20130409 000000;1568.61;1568.61;1568.61;1568.61;000;
20130408 000000;1563.07;1563.07;1563.07;1563.07;000;
20130405 000000;1553.28;1553.28;1553.28;1553.28;000;
20130404 000000;1559.98;1559.98;1559.98;1559.98;000;
20130403 000000;1553.69;1553.69;1553.69;1553.69;000;
20130402 000000;1570.25;1570.25;1570.25;1570.25;000;
20130401 000000;1562.17;1562.17;1562.17;1562.17;000;
20130328 000000;1569.19;1569.19;1569.19;1569.19;000;
20130327 000000;1562.85;1562.85;1562.85;1562.85;000;
20130326 000000;1563.77;1563.77;1563.77;1563.77;000;
20130325 000000;1551.69;1551.69;1551.69;1551.69;000;
20130322 000000;1556.89;1556.89;1556.89;1556.89;000;
20130321 000000;1545.80;1545.80;1545.80;1545.80;000;
20130320 000000;1558.71;1558.71;1558.71;1558.71;000;
20130319 000000;1548.34;1548.34;1548.34;1548.34;000;
20130318 000000;1552.10;1552.10;1552.10;1552.10;000;
20130315 000000;1560.70;1560.70;1560.70;1560.70;000;
20130314 000000;1563.23;1563.23;1563.23;1563.23;000;
20130313 000000;1554.52;1554.52;1554.52;1554.52;000;
20130312 000000;1552.48;1552.48;1552.48;1552.48;000;
20130311 000000;1556.22;1556.22;1556.22;1556.22;000;
20130308 000000;1551.18;1551.18;1551.18;1551.18;000;
20130307 000000;1544.26;1544.26;1544.26;1544.26;000;
20130306 000000;1541.46;1541.46;1541.46;1541.46;000;
20130305 000000;1539.79;1539.79;1539.79;1539.79;000;
20130304 000000;1525.20;1525.20;1525.20;1525.20;000;
20130301 000000;1518.20;1518.20;1518.20;1518.20;000;
20130228 000000;1514.68;1514.68;1514.68;1514.68;000;
20130227 000000;1515.99;1515.99;1515.99;1515.99;000;
20130226 000000;1496.94;1496.94;1496.94;1496.94;000;
20130225 000000;1487.85;1487.85;1487.85;1487.85;000;
20130222 000000;1515.60;1515.60;1515.60;1515.60;000;
20130221 000000;1502.42;1502.42;1502.42;1502.42;000;
20130220 000000;1511.95;1511.95;1511.95;1511.95;000;
20130219 000000;1530.94;1530.94;1530.94;1530.94;000;
20130215 000000;1519.79;1519.79;1519.79;1519.79;000;
20130214 000000;1521.38;1521.38;1521.38;1521.38;000;
20130213 000000;1520.33;1520.33;1520.33;1520.33;000;
20130212 000000;1519.43;1519.43;1519.43;1519.43;000;
20130211 000000;1517.01;1517.01;1517.01;1517.01;000;
20130208 000000;1517.93;1517.93;1517.93;1517.93;000;
20130207 000000;1509.39;1509.39;1509.39;1509.39;000;
20130206 000000;1512.12;1512.12;1512.12;1512.12;000;
20130205 000000;1511.29;1511.29;1511.29;1511.29;000;
20130204 000000;1495.71;1495.71;1495.71;1495.71;000;
20130201 000000;1513.17;1513.17;1513.17;1513.17;000;
20130131 000000;1498.11;1498.11;1498.11;1498.11;000;
20130130 000000;1501.96;1501.96;1501.96;1501.96;000;
20130129 000000;1507.84;1507.84;1507.84;1507.84;000;
20130128 000000;1500.18;1500.18;1500.18;1500.18;000;
20130125 000000;1502.96;1502.96;1502.96;1502.96;000;
20130124 000000;1494.82;1494.82;1494.82;1494.82;000;
20130123 000000;1494.81;1494.81;1494.81;1494.81;000;
20130122 000000;1492.56;1492.56;1492.56;1492.56;000;
20130118 000000;1485.98;1485.98;1485.98;1485.98;000;
20130117 000000;1480.94;1480.94;1480.94;1480.94;000;
20130116 000000;1472.63;1472.63;1472.63;1472.63;000;
20130115 000000;1472.34;1472.34;1472.34;1472.34;000;
20130114 000000;1470.68;1470.68;1470.68;1470.68;000;
20130111 000000;1472.05;1472.05;1472.05;1472.05;000;
20130110 000000;1472.12;1472.12;1472.12;1472.12;000;
20130109 000000;1461.02;1461.02;1461.02;1461.02;000;
20130108 000000;1457.15;1457.15;1457.15;1457.15;000;
20130107 000000;1461.89;1461.89;1461.89;1461.89;000;
20130104 000000;1466.47;1466.47;1466.47;1466.47;000;
20130103 000000;1459.37;1459.37;1459.37;1459.37;000;
20130102 000000;1462.42;1462.42;1462.42;1462.42;000;
20121231 000000;1426.19;1426.19;1426.19;1426.19;000;
20121228 000000;1402.43;1402.43;1402.43;1402.43;000;
20121227 000000;1418.10;1418.10;1418.10;1418.10;000;
20121226 000000;1419.83;1419.83;1419.83;1419.83;000;
20121224 000000;1426.66;1426.66;1426.66;1426.66;000;
20121221 000000;1430.15;1430.15;1430.15;1430.15;000;
20121220 000000;1443.69;1443.69;1443.69;1443.69;000;
20121219 000000;1435.81;1435.81;1435.81;1435.81;000;
20121218 000000;1446.79;1446.79;1446.79;1446.79;000;
20121217 000000;1430.36;1430.36;1430.36;1430.36;000;
20121214 000000;1413.58;1413.58;1413.58;1413.58;000;
20121213 000000;1419.45;1419.45;1419.45;1419.45;000;
20121212 000000;1428.48;1428.48;1428.48;1428.48;000;
20121211 000000;1427.84;1427.84;1427.84;1427.84;000;
20121210 000000;1418.55;1418.55;1418.55;1418.55;000;
20121207 000000;1418.07;1418.07;1418.07;1418.07;000;
20121206 000000;1413.94;1413.94;1413.94;1413.94;000;
20121205 000000;1409.28;1409.28;1409.28;1409.28;000;
20121204 000000;1407.05;1407.05;1407.05;1407.05;000;
20121203 000000;1409.46;1409.46;1409.46;1409.46;000;
20121130 000000;1416.18;1416.18;1416.18;1416.18;000;
20121129 000000;1415.95;1415.95;1415.95;1415.95;000;
20121128 000000;1409.93;1409.93;1409.93;1409.93;000;
20121127 000000;1398.94;1398.94;1398.94;1398.94;000;
20121126 000000;1406.29;1406.29;1406.29;1406.29;000;
20121123 000000;1409.15;1409.15;1409.15;1409.15;000;
20121121 000000;1391.03;1391.03;1391.03;1391.03;000;
20121120 000000;1387.81;1387.81;1387.81;1387.81;000;
20121119 000000;1386.89;1386.89;1386.89;1386.89;000;
20121116 000000;1359.88;1359.88;1359.88;1359.88;000;
20121115 000000;1353.33;1353.33;1353.33;1353.33;000;
20121114 000000;1355.49;1355.49;1355.49;1355.49;000;
20121113 000000;1374.53;1374.53;1374.53;1374.53;000;
20121112 000000;1380.03;1380.03;1380.03;1380.03;000;
20121109 000000;1379.85;1379.85;1379.85;1379.85;000;
20121108 000000;1377.51;1377.51;1377.51;1377.51;000;
20121107 000000;1394.53;1394.53;1394.53;1394.53;000;
20121106 000000;1428.39;1428.39;1428.39;1428.39;000;
20121105 000000;1417.26;1417.26;1417.26;1417.26;000;
20121102 000000;1414.20;1414.20;1414.20;1414.20;000;
20121101 000000;1427.59;1427.59;1427.59;1427.59;000;
20121031 000000;1412.16;1412.16;1412.16;1412.16;000;
20121026 000000;1411.94;1411.94;1411.94;1411.94;000;
20121025 000000;1412.97;1412.97;1412.97;1412.97;000;
20121024 000000;1408.75;1408.75;1408.75;1408.75;000;
20121023 000000;1413.11;1413.11;1413.11;1413.11;000;
20121022 000000;1433.82;1433.82;1433.82;1433.82;000;
20121019 000000;1433.19;1433.19;1433.19;1433.19;000;
20121018 000000;1457.34;1457.34;1457.34;1457.34;000;
20121017 000000;1460.91;1460.91;1460.91;1460.91;000;
20121016 000000;1454.92;1454.92;1454.92;1454.92;000;
20121015 000000;1440.13;1440.13;1440.13;1440.13;000;
20121012 000000;1428.59;1428.59;1428.59;1428.59;000;
20121011 000000;1432.84;1432.84;1432.84;1432.84;000;
20121010 000000;1432.56;1432.56;1432.56;1432.56;000;
20121009 000000;1441.48;1441.48;1441.48;1441.48;000;
20121008 000000;1455.88;1455.88;1455.88;1455.88;000;
20121005 000000;1460.93;1460.93;1460.93;1460.93;000;
20121004 000000;1461.40;1461.40;1461.40;1461.40;000;
20121003 000000;1450.99;1450.99;1450.99;1450.99;000;
20121002 000000;1445.75;1445.75;1445.75;1445.75;000;
20121001 000000;1444.49;1444.49;1444.49;1444.49;000;
20120928 000000;1440.67;1440.67;1440.67;1440.67;000;
20120927 000000;1447.15;1447.15;1447.15;1447.15;000;
20120926 000000;1433.32;1433.32;1433.32;1433.32;000;
20120925 000000;1441.59;1441.59;1441.59;1441.59;000;
20120924 000000;1456.89;1456.89;1456.89;1456.89;000;
20120921 000000;1460.15;1460.15;1460.15;1460.15;000;
20120920 000000;1460.26;1460.26;1460.26;1460.26;000;
20120919 000000;1461.05;1461.05;1461.05;1461.05;000;
20120918 000000;1459.32;1459.32;1459.32;1459.32;000;
20120917 000000;1461.19;1461.19;1461.19;1461.19;000;
20120914 000000;1465.77;1465.77;1465.77;1465.77;000;
20120913 000000;1459.99;1459.99;1459.99;1459.99;000;
20120912 000000;1436.56;1436.56;1436.56;1436.56;000;
20120911 000000;1433.56;1433.56;1433.56;1433.56;000;
20120910 000000;1429.08;1429.08;1429.08;1429.08;000;
20120907 000000;1437.92;1437.92;1437.92;1437.92;000;
20120906 000000;1432.12;1432.12;1432.12;1432.12;000;
20120905 000000;1403.44;1403.44;1403.44;1403.44;000;
20120904 000000;1404.94;1404.94;1404.94;1404.94;000;
20120831 000000;1406.58;1406.58;1406.58;1406.58;000;
20120830 000000;1399.48;1399.48;1399.48;1399.48;000;
20120829 000000;1410.49;1410.49;1410.49;1410.49;000;
20120828 000000;1409.30;1409.30;1409.30;1409.30;000;
20120827 000000;1410.44;1410.44;1410.44;1410.44;000;
20120824 000000;1411.13;1411.13;1411.13;1411.13;000;
20120823 000000;1402.08;1402.08;1402.08;1402.08;000;
20120822 000000;1413.49;1413.49;1413.49;1413.49;000;
20120821 000000;1413.17;1413.17;1413.17;1413.17;000;
20120820 000000;1418.13;1418.13;1418.13;1418.13;000;
20120817 000000;1418.16;1418.16;1418.16;1418.16;000;
20120816 000000;1415.51;1415.51;1415.51;1415.51;000;
20120815 000000;1405.53;1405.53;1405.53;1405.53;000;
20120814 000000;1403.93;1403.93;1403.93;1403.93;000;
20120813 000000;1404.11;1404.11;1404.11;1404.11;000;
20120810 000000;1405.87;1405.87;1405.87;1405.87;000;
20120809 000000;1402.80;1402.80;1402.80;1402.80;000;
20120808 000000;1402.22;1402.22;1402.22;1402.22;000;
20120807 000000;1401.35;1401.35;1401.35;1401.35;000;
20120806 000000;1394.23;1394.23;1394.23;1394.23;000;
20120803 000000;1390.99;1390.99;1390.99;1390.99;000;
20120802 000000;1365.00;1365.00;1365.00;1365.00;000;
20120801 000000;1375.14;1375.14;1375.14;1375.14;000;
20120731 000000;1379.32;1379.32;1379.32;1379.32;000;
20120730 000000;1385.30;1385.30;1385.30;1385.30;000;
20120727 000000;1385.97;1385.97;1385.97;1385.97;000;
20120726 000000;1360.02;1360.02;1360.02;1360.02;000;
20120725 000000;1337.89;1337.89;1337.89;1337.89;000;
20120724 000000;1338.31;1338.31;1338.31;1338.31;000;
20120723 000000;1350.52;1350.52;1350.52;1350.52;000;
20120720 000000;1362.66;1362.66;1362.66;1362.66;000;
20120719 000000;1376.51;1376.51;1376.51;1376.51;000;
20120718 000000;1372.78;1372.78;1372.78;1372.78;000;
20120717 000000;1363.67;1363.67;1363.67;1363.67;000;
20120716 000000;1353.64;1353.64;1353.64;1353.64;000;
20120713 000000;1356.78;1356.78;1356.78;1356.78;000;
20120712 000000;1334.76;1334.76;1334.76;1334.76;000;
20120711 000000;1341.45;1341.45;1341.45;1341.45;000;
20120710 000000;1341.47;1341.47;1341.47;1341.47;000;
20120709 000000;1352.46;1352.46;1352.46;1352.46;000;
20120706 000000;1354.68;1354.68;1354.68;1354.68;000;
20120705 000000;1367.58;1367.58;1367.58;1367.58;000;
20120703 000000;1374.02;1374.02;1374.02;1374.02;000;
20120702 000000;1365.51;1365.51;1365.51;1365.51;000;
20120629 000000;1362.16;1362.16;1362.16;1362.16;000;
20120628 000000;1329.04;1329.04;1329.04;1329.04;000;
20120627 000000;1331.85;1331.85;1331.85;1331.85;000;
20120626 000000;1319.98;1319.98;1319.98;1319.98;000;
20120625 000000;1313.72;1313.72;1313.72;1313.72;000;
20120622 000000;1335.02;1335.02;1335.02;1335.02;000;
20120621 000000;1325.51;1325.51;1325.51;1325.51;000;
20120620 000000;1355.69;1355.69;1355.69;1355.69;000;
20120619 000000;1357.98;1357.98;1357.98;1357.98;000;
20120618 000000;1344.78;1344.78;1344.78;1344.78;000;
20120615 000000;1342.84;1342.84;1342.84;1342.84;000;
20120614 000000;1329.10;1329.10;1329.10;1329.10;000;
20120613 000000;1314.88;1314.88;1314.88;1314.88;000;
20120612 000000;1324.18;1324.18;1324.18;1324.18;000;
20120611 000000;1308.93;1308.93;1308.93;1308.93;000;
20120608 000000;1325.66;1325.66;1325.66;1325.66;000;
20120607 000000;1314.99;1314.99;1314.99;1314.99;000;
20120606 000000;1315.13;1315.13;1315.13;1315.13;000;
20120605 000000;1285.50;1285.50;1285.50;1285.50;000;
20120604 000000;1278.18;1278.18;1278.18;1278.18;000;
20120601 000000;1278.04;1278.04;1278.04;1278.04;000;
20120531 000000;1310.33;1310.33;1310.33;1310.33;000;
20120530 000000;1313.32;1313.32;1313.32;1313.32;000;
20120529 000000;1332.42;1332.42;1332.42;1332.42;000;
20120525 000000;1317.82;1317.82;1317.82;1317.82;000;
20120524 000000;1320.68;1320.68;1320.68;1320.68;000;
20120523 000000;1318.86;1318.86;1318.86;1318.86;000;
20120522 000000;1316.63;1316.63;1316.63;1316.63;000;
20120521 000000;1315.99;1315.99;1315.99;1315.99;000;
20120518 000000;1295.22;1295.22;1295.22;1295.22;000;
20120517 000000;1304.86;1304.86;1304.86;1304.86;000;
20120516 000000;1324.80;1324.80;1324.80;1324.80;000;
20120515 000000;1330.66;1330.66;1330.66;1330.66;000;
20120514 000000;1338.35;1338.35;1338.35;1338.35;000;
20120511 000000;1353.39;1353.39;1353.39;1353.39;000;
20120510 000000;1357.99;1357.99;1357.99;1357.99;000;
20120509 000000;1354.58;1354.58;1354.58;1354.58;000;
20120508 000000;1363.72;1363.72;1363.72;1363.72;000;
20120507 000000;1369.58;1369.58;1369.58;1369.58;000;
20120504 000000;1369.10;1369.10;1369.10;1369.10;000;
20120503 000000;1391.57;1391.57;1391.57;1391.57;000;
20120502 000000;1402.31;1402.31;1402.31;1402.31;000;
20120501 000000;1405.82;1405.82;1405.82;1405.82;000;
20120430 000000;1397.91;1397.91;1397.91;1397.91;000;
20120427 000000;1403.36;1403.36;1403.36;1403.36;000;
20120426 000000;1399.98;1399.98;1399.98;1399.98;000;
20120425 000000;1390.69;1390.69;1390.69;1390.69;000;
20120424 000000;1371.97;1371.97;1371.97;1371.97;000;
20120423 000000;1366.94;1366.94;1366.94;1366.94;000;
20120420 000000;1378.53;1378.53;1378.53;1378.53;000;
20120419 000000;1376.92;1376.92;1376.92;1376.92;000;
20120418 000000;1385.14;1385.14;1385.14;1385.14;000;
20120417 000000;1390.78;1390.78;1390.78;1390.78;000;
20120416 000000;1369.57;1369.57;1369.57;1369.57;000;
20120413 000000;1370.26;1370.26;1370.26;1370.26;000;
20120412 000000;1387.57;1387.57;1387.57;1387.57;000;
20120411 000000;1368.71;1368.71;1368.71;1368.71;000;
20120410 000000;1358.59;1358.59;1358.59;1358.59;000;
20120409 000000;1382.20;1382.20;1382.20;1382.20;000;
20120405 000000;1398.08;1398.08;1398.08;1398.08;000;
20120404 000000;1398.96;1398.96;1398.96;1398.96;000;
20120403 000000;1413.38;1413.38;1413.38;1413.38;000;
20120402 000000;1419.04;1419.04;1419.04;1419.04;000;
20120330 000000;1408.47;1408.47;1408.47;1408.47;000;
20120329 000000;1403.28;1403.28;1403.28;1403.28;000;
20120328 000000;1405.54;1405.54;1405.54;1405.54;000;
20120327 000000;1412.52;1412.52;1412.52;1412.52;000;
20120326 000000;1416.51;1416.51;1416.51;1416.51;000;
20120323 000000;1397.11;1397.11;1397.11;1397.11;000;
20120322 000000;1392.78;1392.78;1392.78;1392.78;000;
20120321 000000;1402.89;1402.89;1402.89;1402.89;000;
20120320 000000;1405.52;1405.52;1405.52;1405.52;000;
20120319 000000;1409.75;1409.75;1409.75;1409.75;000;
20120316 000000;1404.17;1404.17;1404.17;1404.17;000;
20120315 000000;1402.60;1402.60;1402.60;1402.60;000;
20120314 000000;1394.28;1394.28;1394.28;1394.28;000;
20120313 000000;1395.95;1395.95;1395.95;1395.95;000;
20120312 000000;1371.09;1371.09;1371.09;1371.09;000;
20120309 000000;1370.87;1370.87;1370.87;1370.87;000;
20120308 000000;1365.91;1365.91;1365.91;1365.91;000;
20120307 000000;1352.63;1352.63;1352.63;1352.63;000;
20120306 000000;1343.36;1343.36;1343.36;1343.36;000;
20120305 000000;1364.33;1364.33;1364.33;1364.33;000;
20120302 000000;1369.63;1369.63;1369.63;1369.63;000;
20120301 000000;1374.09;1374.09;1374.09;1374.09;000;
20120229 000000;1365.68;1365.68;1365.68;1365.68;000;
20120228 000000;1372.18;1372.18;1372.18;1372.18;000;
20120227 000000;1367.59;1367.59;1367.59;1367.59;000;
20120224 000000;1365.74;1365.74;1365.74;1365.74;000;
20120223 000000;1363.46;1363.46;1363.46;1363.46;000;
20120222 000000;1357.66;1357.66;1357.66;1357.66;000;
20120221 000000;1362.21;1362.21;1362.21;1362.21;000;
20120217 000000;1361.23;1361.23;1361.23;1361.23;000;
20120216 000000;1358.04;1358.04;1358.04;1358.04;000;
20120215 000000;1343.23;1343.23;1343.23;1343.23;000;
20120214 000000;1350.50;1350.50;1350.50;1350.50;000;
20120213 000000;1351.77;1351.77;1351.77;1351.77;000;
20120210 000000;1342.64;1342.64;1342.64;1342.64;000;
20120209 000000;1351.95;1351.95;1351.95;1351.95;000;
20120208 000000;1349.96;1349.96;1349.96;1349.96;000;
20120207 000000;1347.05;1347.05;1347.05;1347.05;000;
20120206 000000;1344.33;1344.33;1344.33;1344.33;000;
20120203 000000;1344.90;1344.90;1344.90;1344.90;000;
20120202 000000;1325.54;1325.54;1325.54;1325.54;000;
20120201 000000;1324.09;1324.09;1324.09;1324.09;000;
20120131 000000;1312.41;1312.41;1312.41;1312.41;000;
20120130 000000;1313.01;1313.01;1313.01;1313.01;000;
20120127 000000;1316.33;1316.33;1316.33;1316.33;000;
20120126 000000;1318.43;1318.43;1318.43;1318.43;000;
20120125 000000;1326.05;1326.05;1326.05;1326.05;000;
20120124 000000;1314.65;1314.65;1314.65;1314.65;000;
20120123 000000;1316.00;1316.00;1316.00;1316.00;000;
20120120 000000;1315.38;1315.38;1315.38;1315.38;000;
20120119 000000;1314.50;1314.50;1314.50;1314.50;000;
20120118 000000;1308.04;1308.04;1308.04;1308.04;000;
20120117 000000;1293.67;1293.67;1293.67;1293.67;000;
20120113 000000;1289.09;1289.09;1289.09;1289.09;000;
20120112 000000;1295.50;1295.50;1295.50;1295.50;000;
20120111 000000;1292.48;1292.48;1292.48;1292.48;000;
20120110 000000;1292.08;1292.08;1292.08;1292.08;000;
20120109 000000;1280.70;1280.70;1280.70;1280.70;000;
20120106 000000;1277.81;1277.81;1277.81;1277.81;000;
20120105 000000;1281.06;1281.06;1281.06;1281.06;000;
20120104 000000;1277.30;1277.30;1277.30;1277.30;000;
20120103 000000;1277.06;1277.06;1277.06;1277.06;000;
20111230 000000;1257.60;1257.60;1257.60;1257.60;000;
20111229 000000;1263.02;1263.02;1263.02;1263.02;000;
20111228 000000;1249.64;1249.64;1249.64;1249.64;000;
20111227 000000;1265.43;1265.43;1265.43;1265.43;000;
20111223 000000;1265.33;1265.33;1265.33;1265.33;000;
20111222 000000;1254.00;1254.00;1254.00;1254.00;000;
20111221 000000;1243.72;1243.72;1243.72;1243.72;000;
20111220 000000;1241.30;1241.30;1241.30;1241.30;000;
20111219 000000;1205.35;1205.35;1205.35;1205.35;000;
20111216 000000;1219.66;1219.66;1219.66;1219.66;000;
20111215 000000;1215.75;1215.75;1215.75;1215.75;000;
20111214 000000;1211.82;1211.82;1211.82;1211.82;000;
20111213 000000;1225.73;1225.73;1225.73;1225.73;000;
20111212 000000;1236.47;1236.47;1236.47;1236.47;000;
20111209 000000;1255.19;1255.19;1255.19;1255.19;000;
20111208 000000;1234.35;1234.35;1234.35;1234.35;000;
20111207 000000;1261.01;1261.01;1261.01;1261.01;000;
20111206 000000;1258.47;1258.47;1258.47;1258.47;000;
20111205 000000;1257.08;1257.08;1257.08;1257.08;000;
20111202 000000;1244.28;1244.28;1244.28;1244.28;000;
20111201 000000;1244.58;1244.58;1244.58;1244.58;000;
20111130 000000;1246.96;1246.96;1246.96;1246.96;000;
20111129 000000;1195.19;1195.19;1195.19;1195.19;000;
20111128 000000;1192.55;1192.55;1192.55;1192.55;000;
20111125 000000;1158.67;1158.67;1158.67;1158.67;000;
20111123 000000;1161.79;1161.79;1161.79;1161.79;000;
20111122 000000;1188.04;1188.04;1188.04;1188.04;000;
20111121 000000;1192.98;1192.98;1192.98;1192.98;000;
20111118 000000;1215.65;1215.65;1215.65;1215.65;000;
20111117 000000;1216.13;1216.13;1216.13;1216.13;000;
20111116 000000;1236.91;1236.91;1236.91;1236.91;000;
20111115 000000;1257.81;1257.81;1257.81;1257.81;000;
20111114 000000;1251.78;1251.78;1251.78;1251.78;000;
20111111 000000;1263.85;1263.85;1263.85;1263.85;000;
20111110 000000;1239.69;1239.69;1239.69;1239.69;000;
20111109 000000;1229.10;1229.10;1229.10;1229.10;000;
20111108 000000;1275.92;1275.92;1275.92;1275.92;000;
20111107 000000;1261.12;1261.12;1261.12;1261.12;000;
20111104 000000;1253.23;1253.23;1253.23;1253.23;000;
20111103 000000;1261.15;1261.15;1261.15;1261.15;000;
20111102 000000;1237.90;1237.90;1237.90;1237.90;000;
20111101 000000;1218.28;1218.28;1218.28;1218.28;000;
20111031 000000;1253.30;1253.30;1253.30;1253.30;000;
20111028 000000;1285.09;1285.09;1285.09;1285.09;000;
20111027 000000;1284.59;1284.59;1284.59;1284.59;000;
20111026 000000;1242.00;1242.00;1242.00;1242.00;000;
20111025 000000;1229.05;1229.05;1229.05;1229.05;000;
20111024 000000;1254.19;1254.19;1254.19;1254.19;000;
20111021 000000;1238.25;1238.25;1238.25;1238.25;000;
20111020 000000;1215.39;1215.39;1215.39;1215.39;000;
20111019 000000;1209.88;1209.88;1209.88;1209.88;000;
20111018 000000;1225.38;1225.38;1225.38;1225.38;000;
20111017 000000;1200.86;1200.86;1200.86;1200.86;000;
20111014 000000;1224.58;1224.58;1224.58;1224.58;000;
20111013 000000;1203.66;1203.66;1203.66;1203.66;000;
20111012 000000;1207.25;1207.25;1207.25;1207.25;000;
20111011 000000;1195.54;1195.54;1195.54;1195.54;000;
20111010 000000;1194.89;1194.89;1194.89;1194.89;000;
20111007 000000;1155.46;1155.46;1155.46;1155.46;000;
20111006 000000;1164.97;1164.97;1164.97;1164.97;000;
20111005 000000;1144.03;1144.03;1144.03;1144.03;000;
20111004 000000;1123.95;1123.95;1123.95;1123.95;000;
20111003 000000;1099.23;1099.23;1099.23;1099.23;000;
20110930 000000;1131.42;1131.42;1131.42;1131.42;000;
20110929 000000;1160.40;1160.40;1160.40;1160.40;000;
20110928 000000;1151.06;1151.06;1151.06;1151.06;000;
20110927 000000;1175.38;1175.38;1175.38;1175.38;000;
20110926 000000;1162.95;1162.95;1162.95;1162.95;000;
20110923 000000;1136.43;1136.43;1136.43;1136.43;000;
20110922 000000;1129.56;1129.56;1129.56;1129.56;000;
20110921 000000;1166.76;1166.76;1166.76;1166.76;000;
20110920 000000;1202.09;1202.09;1202.09;1202.09;000;
20110919 000000;1204.09;1204.09;1204.09;1204.09;000;
20110916 000000;1216.01;1216.01;1216.01;1216.01;000;
20110915 000000;1209.11;1209.11;1209.11;1209.11;000;
20110914 000000;1188.68;1188.68;1188.68;1188.68;000;
20110913 000000;1172.87;1172.87;1172.87;1172.87;000;
20110912 000000;1162.27;1162.27;1162.27;1162.27;000;
20110909 000000;1154.23;1154.23;1154.23;1154.23;000;
20110908 000000;1185.90;1185.90;1185.90;1185.90;000;
20110907 000000;1198.62;1198.62;1198.62;1198.62;000;
20110906 000000;1165.24;1165.24;1165.24;1165.24;000;
20110902 000000;1173.97;1173.97;1173.97;1173.97;000;
20110901 000000;1204.42;1204.42;1204.42;1204.42;000;
20110831 000000;1218.89;1218.89;1218.89;1218.89;000;
20110830 000000;1212.92;1212.92;1212.92;1212.92;000;
20110829 000000;1210.08;1210.08;1210.08;1210.08;000;
20110826 000000;1176.80;1176.80;1176.80;1176.80;000;
20110825 000000;1159.27;1159.27;1159.27;1159.27;000;
20110824 000000;1177.60;1177.60;1177.60;1177.60;000;
20110823 000000;1162.35;1162.35;1162.35;1162.35;000;
20110822 000000;1123.82;1123.82;1123.82;1123.82;000;
20110819 000000;1123.53;1123.53;1123.53;1123.53;000;
20110818 000000;1140.65;1140.65;1140.65;1140.65;000;
20110817 000000;1193.89;1193.89;1193.89;1193.89;000;
20110816 000000;1192.76;1192.76;1192.76;1192.76;000;
20110815 000000;1204.49;1204.49;1204.49;1204.49;000;
20110812 000000;1178.81;1178.81;1178.81;1178.81;000;
20110811 000000;1172.64;1172.64;1172.64;1172.64;000;
20110810 000000;1120.76;1120.76;1120.76;1120.76;000;
20110809 000000;1172.53;1172.53;1172.53;1172.53;000;
20110808 000000;1119.46;1119.46;1119.46;1119.46;000;
20110805 000000;1199.38;1199.38;1199.38;1199.38;000;
20110804 000000;1200.07;1200.07;1200.07;1200.07;000;
20110803 000000;1260.34;1260.34;1260.34;1260.34;000;
20110802 000000;1254.05;1254.05;1254.05;1254.05;000;
20110801 000000;1286.94;1286.94;1286.94;1286.94;000;
20110729 000000;1292.28;1292.28;1292.28;1292.28;000;
20110728 000000;1300.67;1300.67;1300.67;1300.67;000;
20110727 000000;1304.89;1304.89;1304.89;1304.89;000;
20110726 000000;1331.94;1331.94;1331.94;1331.94;000;
20110725 000000;1337.43;1337.43;1337.43;1337.43;000;
20110722 000000;1345.02;1345.02;1345.02;1345.02;000;
20110721 000000;1343.80;1343.80;1343.80;1343.80;000;
20110720 000000;1325.84;1325.84;1325.84;1325.84;000;
20110719 000000;1326.73;1326.73;1326.73;1326.73;000;
20110718 000000;1305.44;1305.44;1305.44;1305.44;000;
20110715 000000;1316.14;1316.14;1316.14;1316.14;000;
20110714 000000;1308.87;1308.87;1308.87;1308.87;000;
20110713 000000;1317.72;1317.72;1317.72;1317.72;000;
20110712 000000;1313.64;1313.64;1313.64;1313.64;000;
20110711 000000;1319.49;1319.49;1319.49;1319.49;000;
20110708 000000;1343.80;1343.80;1343.80;1343.80;000;
20110707 000000;1353.22;1353.22;1353.22;1353.22;000;
20110706 000000;1339.22;1339.22;1339.22;1339.22;000;
20110705 000000;1337.88;1337.88;1337.88;1337.88;000;
20110701 000000;1339.67;1339.67;1339.67;1339.67;000;
20110630 000000;1320.64;1320.64;1320.64;1320.64;000;
20110629 000000;1307.41;1307.41;1307.41;1307.41;000;
20110628 000000;1296.67;1296.67;1296.67;1296.67;000;
20110627 000000;1280.10;1280.10;1280.10;1280.10;000;
20110624 000000;1268.45;1268.45;1268.45;1268.45;000;
20110623 000000;1283.50;1283.50;1283.50;1283.50;000;
20110622 000000;1287.14;1287.14;1287.14;1287.14;000;
20110621 000000;1295.52;1295.52;1295.52;1295.52;000;
20110620 000000;1278.36;1278.36;1278.36;1278.36;000;
20110617 000000;1271.50;1271.50;1271.50;1271.50;000;
20110616 000000;1267.64;1267.64;1267.64;1267.64;000;
20110615 000000;1265.42;1265.42;1265.42;1265.42;000;
20110614 000000;1287.87;1287.87;1287.87;1287.87;000;
20110613 000000;1271.83;1271.83;1271.83;1271.83;000;
20110610 000000;1270.98;1270.98;1270.98;1270.98;000;
20110609 000000;1289.00;1289.00;1289.00;1289.00;000;
20110608 000000;1279.56;1279.56;1279.56;1279.56;000;
20110607 000000;1284.94;1284.94;1284.94;1284.94;000;
20110606 000000;1286.17;1286.17;1286.17;1286.17;000;
20110603 000000;1300.16;1300.16;1300.16;1300.16;000;
20110602 000000;1312.94;1312.94;1312.94;1312.94;000;
20110601 000000;1314.55;1314.55;1314.55;1314.55;000;
20110531 000000;1345.20;1345.20;1345.20;1345.20;000;
20110527 000000;1331.10;1331.10;1331.10;1331.10;000;
20110526 000000;1325.69;1325.69;1325.69;1325.69;000;
20110525 000000;1320.47;1320.47;1320.47;1320.47;000;
20110524 000000;1316.28;1316.28;1316.28;1316.28;000;
20110523 000000;1317.37;1317.37;1317.37;1317.37;000;
20110520 000000;1333.27;1333.27;1333.27;1333.27;000;
20110519 000000;1343.60;1343.60;1343.60;1343.60;000;
20110518 000000;1340.68;1340.68;1340.68;1340.68;000;
20110517 000000;1328.98;1328.98;1328.98;1328.98;000;
20110516 000000;1329.47;1329.47;1329.47;1329.47;000;
20110513 000000;1337.78;1337.78;1337.78;1337.78;000;
20110512 000000;1348.65;1348.65;1348.65;1348.65;000;
20110511 000000;1342.08;1342.08;1342.08;1342.08;000;
20110510 000000;1357.16;1357.16;1357.16;1357.16;000;
20110509 000000;1346.29;1346.29;1346.29;1346.29;000;
20110506 000000;1340.20;1340.20;1340.20;1340.20;000;
20110505 000000;1335.10;1335.10;1335.10;1335.10;000;
20110504 000000;1347.32;1347.32;1347.32;1347.32;000;
20110503 000000;1356.62;1356.62;1356.62;1356.62;000;
20110502 000000;1361.22;1361.22;1361.22;1361.22;000;
20110429 000000;1363.61;1363.61;1363.61;1363.61;000;
20110428 000000;1360.48;1360.48;1360.48;1360.48;000;
20110427 000000;1355.66;1355.66;1355.66;1355.66;000;
20110426 000000;1347.24;1347.24;1347.24;1347.24;000;
20110425 000000;1335.25;1335.25;1335.25;1335.25;000;
20110421 000000;1337.38;1337.38;1337.38;1337.38;000;
20110420 000000;1330.36;1330.36;1330.36;1330.36;000;
20110419 000000;1312.62;1312.62;1312.62;1312.62;000;
20110418 000000;1305.14;1305.14;1305.14;1305.14;000;
20110415 000000;1319.68;1319.68;1319.68;1319.68;000;
20110414 000000;1314.52;1314.52;1314.52;1314.52;000;
20110413 000000;1314.41;1314.41;1314.41;1314.41;000;
20110412 000000;1314.16;1314.16;1314.16;1314.16;000;
20110411 000000;1324.46;1324.46;1324.46;1324.46;000;
20110408 000000;1328.17;1328.17;1328.17;1328.17;000;
20110407 000000;1333.51;1333.51;1333.51;1333.51;000;
20110406 000000;1335.54;1335.54;1335.54;1335.54;000;
20110405 000000;1332.63;1332.63;1332.63;1332.63;000;
20110404 000000;1332.87;1332.87;1332.87;1332.87;000;
20110401 000000;1332.41;1332.41;1332.41;1332.41;000;
20110331 000000;1325.83;1325.83;1325.83;1325.83;000;
20110330 000000;1328.26;1328.26;1328.26;1328.26;000;
20110329 000000;1319.44;1319.44;1319.44;1319.44;000;
20110328 000000;1310.19;1310.19;1310.19;1310.19;000;
20110325 000000;1313.80;1313.80;1313.80;1313.80;000;
20110324 000000;1309.66;1309.66;1309.66;1309.66;000;
20110323 000000;1297.54;1297.54;1297.54;1297.54;000;
20110322 000000;1293.77;1293.77;1293.77;1293.77;000;
20110321 000000;1298.38;1298.38;1298.38;1298.38;000;
20110318 000000;1279.20;1279.20;1279.20;1279.20;000;
20110317 000000;1273.72;1273.72;1273.72;1273.72;000;
20110316 000000;1256.88;1256.88;1256.88;1256.88;000;
20110315 000000;1281.87;1281.87;1281.87;1281.87;000;
20110314 000000;1296.39;1296.39;1296.39;1296.39;000;
20110311 000000;1304.28;1304.28;1304.28;1304.28;000;
20110310 000000;1295.11;1295.11;1295.11;1295.11;000;
20110309 000000;1320.02;1320.02;1320.02;1320.02;000;
20110308 000000;1321.82;1321.82;1321.82;1321.82;000;
20110307 000000;1310.13;1310.13;1310.13;1310.13;000;
20110304 000000;1321.15;1321.15;1321.15;1321.15;000;
20110303 000000;1330.97;1330.97;1330.97;1330.97;000;
20110302 000000;1308.44;1308.44;1308.44;1308.44;000;
20110301 000000;1306.33;1306.33;1306.33;1306.33;000;
20110228 000000;1327.22;1327.22;1327.22;1327.22;000;
20110225 000000;1319.88;1319.88;1319.88;1319.88;000;
20110224 000000;1306.10;1306.10;1306.10;1306.10;000;
20110223 000000;1307.40;1307.40;1307.40;1307.40;000;
20110222 000000;1315.44;1315.44;1315.44;1315.44;000;
20110218 000000;1343.01;1343.01;1343.01;1343.01;000;
20110217 000000;1340.43;1340.43;1340.43;1340.43;000;
20110216 000000;1336.32;1336.32;1336.32;1336.32;000;
20110215 000000;1328.01;1328.01;1328.01;1328.01;000;
20110214 000000;1332.32;1332.32;1332.32;1332.32;000;
20110211 000000;1329.15;1329.15;1329.15;1329.15;000;
20110210 000000;1321.87;1321.87;1321.87;1321.87;000;
20110209 000000;1320.88;1320.88;1320.88;1320.88;000;
20110208 000000;1324.57;1324.57;1324.57;1324.57;000;
20110207 000000;1319.05;1319.05;1319.05;1319.05;000;
20110204 000000;1310.87;1310.87;1310.87;1310.87;000;
20110203 000000;1307.10;1307.10;1307.10;1307.10;000;
20110202 000000;1304.03;1304.03;1304.03;1304.03;000;
20110201 000000;1307.59;1307.59;1307.59;1307.59;000;
20110131 000000;1286.12;1286.12;1286.12;1286.12;000;
20110128 000000;1276.34;1276.34;1276.34;1276.34;000;
20110127 000000;1299.54;1299.54;1299.54;1299.54;000;
20110126 000000;1296.63;1296.63;1296.63;1296.63;000;
20110125 000000;1291.18;1291.18;1291.18;1291.18;000;
20110124 000000;1290.84;1290.84;1290.84;1290.84;000;
20110121 000000;1283.35;1283.35;1283.35;1283.35;000;
20110120 000000;1280.26;1280.26;1280.26;1280.26;000;
20110119 000000;1281.92;1281.92;1281.92;1281.92;000;
20110118 000000;1295.02;1295.02;1295.02;1295.02;000;
20110114 000000;1293.24;1293.24;1293.24;1293.24;000;
20110113 000000;1283.76;1283.76;1283.76;1283.76;000;
20110112 000000;1285.96;1285.96;1285.96;1285.96;000;
20110111 000000;1274.48;1274.48;1274.48;1274.48;000;
20110110 000000;1269.75;1269.75;1269.75;1269.75;000;
20110107 000000;1271.50;1271.50;1271.50;1271.50;000;
20110106 000000;1273.85;1273.85;1273.85;1273.85;000;
20110105 000000;1276.56;1276.56;1276.56;1276.56;000;
20110104 000000;1270.20;1270.20;1270.20;1270.20;000;
20110103 000000;1271.87;1271.87;1271.87;1271.87;000;
20101231 000000;1257.64;1257.64;1257.64;1257.64;000;
20101230 000000;1257.88;1257.88;1257.88;1257.88;000;
20101229 000000;1259.78;1259.78;1259.78;1259.78;000;
20101228 000000;1258.51;1258.51;1258.51;1258.51;000;
20101227 000000;1257.54;1257.54;1257.54;1257.54;000;
20101223 000000;1256.77;1256.77;1256.77;1256.77;000;
20101222 000000;1258.84;1258.84;1258.84;1258.84;000;
20101221 000000;1254.60;1254.60;1254.60;1254.60;000;
20101220 000000;1247.08;1247.08;1247.08;1247.08;000;
20101217 000000;1243.91;1243.91;1243.91;1243.91;000;
20101216 000000;1242.87;1242.87;1242.87;1242.87;000;
20101215 000000;1235.23;1235.23;1235.23;1235.23;000;
20101214 000000;1241.59;1241.59;1241.59;1241.59;000;
20101213 000000;1240.46;1240.46;1240.46;1240.46;000;
20101210 000000;1240.40;1240.40;1240.40;1240.40;000;
20101209 000000;1233.00;1233.00;1233.00;1233.00;000;
20101208 000000;1228.28;1228.28;1228.28;1228.28;000;
20101207 000000;1223.75;1223.75;1223.75;1223.75;000;
20101206 000000;1223.12;1223.12;1223.12;1223.12;000;
20101203 000000;1224.71;1224.71;1224.71;1224.71;000;
20101202 000000;1221.53;1221.53;1221.53;1221.53;000;
20101201 000000;1206.07;1206.07;1206.07;1206.07;000;
20101130 000000;1180.55;1180.55;1180.55;1180.55;000;
20101129 000000;1187.76;1187.76;1187.76;1187.76;000;
20101126 000000;1189.40;1189.40;1189.40;1189.40;000;
20101124 000000;1198.35;1198.35;1198.35;1198.35;000;
20101123 000000;1180.73;1180.73;1180.73;1180.73;000;
20101122 000000;1197.84;1197.84;1197.84;1197.84;000;
20101119 000000;1199.73;1199.73;1199.73;1199.73;000;
20101118 000000;1196.69;1196.69;1196.69;1196.69;000;
20101117 000000;1178.59;1178.59;1178.59;1178.59;000;
20101116 000000;1178.34;1178.34;1178.34;1178.34;000;
20101115 000000;1197.75;1197.75;1197.75;1197.75;000;
20101112 000000;1199.21;1199.21;1199.21;1199.21;000;
20101111 000000;1213.54;1213.54;1213.54;1213.54;000;
20101110 000000;1218.71;1218.71;1218.71;1218.71;000;
20101109 000000;1213.40;1213.40;1213.40;1213.40;000;
20101108 000000;1223.25;1223.25;1223.25;1223.25;000;
20101105 000000;1225.85;1225.85;1225.85;1225.85;000;
20101104 000000;1221.06;1221.06;1221.06;1221.06;000;
20101103 000000;1197.96;1197.96;1197.96;1197.96;000;
20101102 000000;1193.57;1193.57;1193.57;1193.57;000;
20101101 000000;1184.38;1184.38;1184.38;1184.38;000;
20101029 000000;1183.26;1183.26;1183.26;1183.26;000;
20101028 000000;1183.78;1183.78;1183.78;1183.78;000;
20101027 000000;1182.45;1182.45;1182.45;1182.45;000;
20101026 000000;1185.64;1185.64;1185.64;1185.64;000;
20101025 000000;1185.62;1185.62;1185.62;1185.62;000;
20101022 000000;1183.08;1183.08;1183.08;1183.08;000;
20101021 000000;1180.26;1180.26;1180.26;1180.26;000;
20101020 000000;1178.17;1178.17;1178.17;1178.17;000;
20101019 000000;1165.90;1165.90;1165.90;1165.90;000;
20101018 000000;1184.71;1184.71;1184.71;1184.71;000;
20101015 000000;1176.19;1176.19;1176.19;1176.19;000;
20101014 000000;1173.81;1173.81;1173.81;1173.81;000;
20101013 000000;1178.10;1178.10;1178.10;1178.10;000;
20101012 000000;1169.77;1169.77;1169.77;1169.77;000;
20101011 000000;1165.32;1165.32;1165.32;1165.32;000;
20101008 000000;1165.15;1165.15;1165.15;1165.15;000;
20101007 000000;1158.06;1158.06;1158.06;1158.06;000;
20101006 000000;1159.97;1159.97;1159.97;1159.97;000;
20101005 000000;1160.74;1160.74;1160.74;1160.74;000;
20101004 000000;1137.03;1137.03;1137.03;1137.03;000;
20101001 000000;1146.24;1146.24;1146.24;1146.24;000;
20100930 000000;1141.20;1141.20;1141.20;1141.20;000;
20100929 000000;1144.73;1144.73;1144.73;1144.73;000;
20100928 000000;1147.70;1147.70;1147.70;1147.70;000;
20100927 000000;1142.16;1142.16;1142.16;1142.16;000;
20100924 000000;1148.67;1148.67;1148.67;1148.67;000;
20100923 000000;1124.83;1124.83;1124.83;1124.83;000;
20100922 000000;1134.28;1134.28;1134.28;1134.28;000;
20100921 000000;1139.78;1139.78;1139.78;1139.78;000;
20100920 000000;1142.71;1142.71;1142.71;1142.71;000;
20100917 000000;1125.59;1125.59;1125.59;1125.59;000;
20100916 000000;1124.66;1124.66;1124.66;1124.66;000;
20100915 000000;1125.07;1125.07;1125.07;1125.07;000;
20100914 000000;1121.10;1121.10;1121.10;1121.10;000;
20100913 000000;1121.90;1121.90;1121.90;1121.90;000;
20100910 000000;1109.55;1109.55;1109.55;1109.55;000;
20100909 000000;1104.18;1104.18;1104.18;1104.18;000;
20100908 000000;1098.87;1098.87;1098.87;1098.87;000;
20100907 000000;1091.84;1091.84;1091.84;1091.84;000;
20100903 000000;1104.51;1104.51;1104.51;1104.51;000;
20100902 000000;1090.10;1090.10;1090.10;1090.10;000;
20100901 000000;1080.29;1080.29;1080.29;1080.29;000;
20100831 000000;1049.33;1049.33;1049.33;1049.33;000;
20100830 000000;1048.92;1048.92;1048.92;1048.92;000;
20100827 000000;1064.59;1064.59;1064.59;1064.59;000;
20100826 000000;1047.22;1047.22;1047.22;1047.22;000;
20100825 000000;1055.33;1055.33;1055.33;1055.33;000;
20100824 000000;1051.87;1051.87;1051.87;1051.87;000;
20100823 000000;1067.36;1067.36;1067.36;1067.36;000;
20100820 000000;1071.69;1071.69;1071.69;1071.69;000;
20100819 000000;1075.63;1075.63;1075.63;1075.63;000;
20100818 000000;1094.16;1094.16;1094.16;1094.16;000;
20100817 000000;1092.54;1092.54;1092.54;1092.54;000;
20100816 000000;1079.38;1079.38;1079.38;1079.38;000;
20100813 000000;1079.25;1079.25;1079.25;1079.25;000;
20100812 000000;1083.61;1083.61;1083.61;1083.61;000;
20100811 000000;1089.47;1089.47;1089.47;1089.47;000;
20100810 000000;1121.06;1121.06;1121.06;1121.06;000;
20100809 000000;1127.79;1127.79;1127.79;1127.79;000;
20100806 000000;1121.64;1121.64;1121.64;1121.64;000;
20100805 000000;1125.81;1125.81;1125.81;1125.81;000;
20100804 000000;1127.24;1127.24;1127.24;1127.24;000;
20100803 000000;1120.46;1120.46;1120.46;1120.46;000;
20100802 000000;1125.86;1125.86;1125.86;1125.86;000;
20100730 000000;1101.60;1101.60;1101.60;1101.60;000;
20100729 000000;1101.53;1101.53;1101.53;1101.53;000;
20100728 000000;1106.13;1106.13;1106.13;1106.13;000;
20100727 000000;1113.84;1113.84;1113.84;1113.84;000;
20100726 000000;1115.01;1115.01;1115.01;1115.01;000;
20100723 000000;1102.66;1102.66;1102.66;1102.66;000;
20100722 000000;1093.67;1093.67;1093.67;1093.67;000;
20100721 000000;1069.59;1069.59;1069.59;1069.59;000;
20100720 000000;1083.48;1083.48;1083.48;1083.48;000;
20100719 000000;1071.25;1071.25;1071.25;1071.25;000;
20100716 000000;1064.88;1064.88;1064.88;1064.88;000;
20100715 000000;1096.48;1096.48;1096.48;1096.48;000;
20100714 000000;1095.17;1095.17;1095.17;1095.17;000;
20100713 000000;1095.34;1095.34;1095.34;1095.34;000;
20100712 000000;1078.75;1078.75;1078.75;1078.75;000;
20100709 000000;1077.96;1077.96;1077.96;1077.96;000;
20100708 000000;1070.25;1070.25;1070.25;1070.25;000;
20100707 000000;1060.27;1060.27;1060.27;1060.27;000;
20100706 000000;1028.06;1028.06;1028.06;1028.06;000;
20100702 000000;1022.58;1022.58;1022.58;1022.58;000;
20100701 000000;1027.37;1027.37;1027.37;1027.37;000;
20100630 000000;1030.71;1030.71;1030.71;1030.71;000;
20100629 000000;1041.24;1041.24;1041.24;1041.24;000;
20100628 000000;1074.57;1074.57;1074.57;1074.57;000;
20100625 000000;1076.76;1076.76;1076.76;1076.76;000;
20100624 000000;1073.69;1073.69;1073.69;1073.69;000;
20100623 000000;1092.04;1092.04;1092.04;1092.04;000;
20100622 000000;1095.31;1095.31;1095.31;1095.31;000;
20100621 000000;1113.20;1113.20;1113.20;1113.20;000;
20100618 000000;1117.51;1117.51;1117.51;1117.51;000;
20100617 000000;1116.04;1116.04;1116.04;1116.04;000;
20100616 000000;1114.61;1114.61;1114.61;1114.61;000;
20100615 000000;1115.23;1115.23;1115.23;1115.23;000;
20100614 000000;1089.63;1089.63;1089.63;1089.63;000;
20100611 000000;1091.60;1091.60;1091.60;1091.60;000;
20100610 000000;1086.84;1086.84;1086.84;1086.84;000;
20100609 000000;1055.69;1055.69;1055.69;1055.69;000;
20100608 000000;1062.00;1062.00;1062.00;1062.00;000;
20100607 000000;1050.47;1050.47;1050.47;1050.47;000;
20100604 000000;1064.88;1064.88;1064.88;1064.88;000;
20100603 000000;1102.83;1102.83;1102.83;1102.83;000;
20100602 000000;1098.38;1098.38;1098.38;1098.38;000;
20100601 000000;1070.71;1070.71;1070.71;1070.71;000;
20100528 000000;1089.41;1089.41;1089.41;1089.41;000;
20100527 000000;1103.06;1103.06;1103.06;1103.06;000;
20100526 000000;1067.95;1067.95;1067.95;1067.95;000;
20100525 000000;1074.03;1074.03;1074.03;1074.03;000;
20100524 000000;1073.65;1073.65;1073.65;1073.65;000;
20100521 000000;1087.69;1087.69;1087.69;1087.69;000;
20100520 000000;1071.59;1071.59;1071.59;1071.59;000;
20100519 000000;1115.05;1115.05;1115.05;1115.05;000;
20100518 000000;1120.80;1120.80;1120.80;1120.80;000;
20100517 000000;1136.94;1136.94;1136.94;1136.94;000;
20100514 000000;1135.68;1135.68;1135.68;1135.68;000;
20100513 000000;1157.44;1157.44;1157.44;1157.44;000;
20100512 000000;1171.67;1171.67;1171.67;1171.67;000;
20100511 000000;1155.79;1155.79;1155.79;1155.79;000;
20100510 000000;1159.73;1159.73;1159.73;1159.73;000;
20100507 000000;1110.88;1110.88;1110.88;1110.88;000;
20100506 000000;1128.15;1128.15;1128.15;1128.15;000;
20100505 000000;1165.90;1165.90;1165.90;1165.90;000;
20100504 000000;1173.60;1173.60;1173.60;1173.60;000;
20100503 000000;1202.26;1202.26;1202.26;1202.26;000;
20100430 000000;1186.69;1186.69;1186.69;1186.69;000;
20100429 000000;1206.78;1206.78;1206.78;1206.78;000;
20100428 000000;1191.36;1191.36;1191.36;1191.36;000;
20100427 000000;1183.71;1183.71;1183.71;1183.71;000;
20100426 000000;1212.05;1212.05;1212.05;1212.05;000;
20100423 000000;1217.28;1217.28;1217.28;1217.28;000;
20100422 000000;1208.67;1208.67;1208.67;1208.67;000;
20100421 000000;1205.94;1205.94;1205.94;1205.94;000;
20100420 000000;1207.17;1207.17;1207.17;1207.17;000;
20100419 000000;1197.52;1197.52;1197.52;1197.52;000;
20100416 000000;1192.13;1192.13;1192.13;1192.13;000;
20100415 000000;1211.67;1211.67;1211.67;1211.67;000;
20100414 000000;1210.65;1210.65;1210.65;1210.65;000;
20100413 000000;1197.30;1197.30;1197.30;1197.30;000;
20100412 000000;1196.48;1196.48;1196.48;1196.48;000;
20100409 000000;1194.37;1194.37;1194.37;1194.37;000;
20100408 000000;1186.44;1186.44;1186.44;1186.44;000;
20100407 000000;1182.45;1182.45;1182.45;1182.45;000;
20100406 000000;1189.44;1189.44;1189.44;1189.44;000;
20100405 000000;1187.44;1187.44;1187.44;1187.44;000;
20100401 000000;1178.10;1178.10;1178.10;1178.10;000;
20100331 000000;1169.43;1169.43;1169.43;1169.43;000;
20100330 000000;1173.27;1173.27;1173.27;1173.27;000;
20100329 000000;1173.22;1173.22;1173.22;1173.22;000;
20100326 000000;1166.59;1166.59;1166.59;1166.59;000;
20100325 000000;1165.73;1165.73;1165.73;1165.73;000;
20100324 000000;1167.72;1167.72;1167.72;1167.72;000;
20100323 000000;1174.17;1174.17;1174.17;1174.17;000;
20100322 000000;1165.81;1165.81;1165.81;1165.81;000;
20100319 000000;1159.90;1159.90;1159.90;1159.90;000;
20100318 000000;1165.83;1165.83;1165.83;1165.83;000;
20100317 000000;1166.21;1166.21;1166.21;1166.21;000;
20100316 000000;1159.46;1159.46;1159.46;1159.46;000;
20100315 000000;1150.51;1150.51;1150.51;1150.51;000;
20100312 000000;1149.99;1149.99;1149.99;1149.99;000;
20100311 000000;1150.24;1150.24;1150.24;1150.24;000;
20100310 000000;1145.61;1145.61;1145.61;1145.61;000;
20100309 000000;1140.45;1140.45;1140.45;1140.45;000;
20100308 000000;1138.50;1138.50;1138.50;1138.50;000;
20100305 000000;1138.70;1138.70;1138.70;1138.70;000;
20100304 000000;1122.97;1122.97;1122.97;1122.97;000;
20100303 000000;1118.79;1118.79;1118.79;1118.79;000;
20100302 000000;1118.31;1118.31;1118.31;1118.31;000;
20100301 000000;1115.71;1115.71;1115.71;1115.71;000;
20100226 000000;1104.49;1104.49;1104.49;1104.49;000;
20100225 000000;1102.94;1102.94;1102.94;1102.94;000;
20100224 000000;1105.24;1105.24;1105.24;1105.24;000;
20100223 000000;1094.60;1094.60;1094.60;1094.60;000;
20100222 000000;1108.01;1108.01;1108.01;1108.01;000;
20100219 000000;1109.17;1109.17;1109.17;1109.17;000;
20100218 000000;1106.75;1106.75;1106.75;1106.75;000;
20100217 000000;1099.51;1099.51;1099.51;1099.51;000;
20100216 000000;1094.87;1094.87;1094.87;1094.87;000;
20100212 000000;1075.51;1075.51;1075.51;1075.51;000;
20100211 000000;1078.47;1078.47;1078.47;1078.47;000;
20100210 000000;1068.13;1068.13;1068.13;1068.13;000;
20100209 000000;1070.52;1070.52;1070.52;1070.52;000;
20100208 000000;1056.74;1056.74;1056.74;1056.74;000;
20100205 000000;1066.19;1066.19;1066.19;1066.19;000;
20100204 000000;1063.11;1063.11;1063.11;1063.11;000;
20100203 000000;1097.28;1097.28;1097.28;1097.28;000;
20100202 000000;1103.32;1103.32;1103.32;1103.32;000;
20100201 000000;1089.19;1089.19;1089.19;1089.19;000;
20100129 000000;1073.87;1073.87;1073.87;1073.87;000;
20100128 000000;1084.53;1084.53;1084.53;1084.53;000;
20100127 000000;1097.50;1097.50;1097.50;1097.50;000;
20100126 000000;1092.17;1092.17;1092.17;1092.17;000;
20100125 000000;1096.78;1096.78;1096.78;1096.78;000;
20100122 000000;1091.76;1091.76;1091.76;1091.76;000;
20100121 000000;1116.48;1116.48;1116.48;1116.48;000;
20100120 000000;1138.04;1138.04;1138.04;1138.04;000;
20100119 000000;1150.23;1150.23;1150.23;1150.23;000;
20100115 000000;1136.03;1136.03;1136.03;1136.03;000;
20100114 000000;1148.46;1148.46;1148.46;1148.46;000;
20100113 000000;1145.68;1145.68;1145.68;1145.68;000;
20100112 000000;1136.22;1136.22;1136.22;1136.22;000;
20100111 000000;1146.98;1146.98;1146.98;1146.98;000;
20100108 000000;1144.98;1144.98;1144.98;1144.98;000;
20100107 000000;1141.69;1141.69;1141.69;1141.69;000;
20100106 000000;1137.14;1137.14;1137.14;1137.14;000;
20100105 000000;1136.52;1136.52;1136.52;1136.52;000;
20100104 000000;1132.99;1132.99;1132.99;1132.99;000;
20091231 000000;1115.10;1115.10;1115.10;1115.10;000;
20091230 000000;1126.42;1126.42;1126.42;1126.42;000;
20091229 000000;1126.20;1126.20;1126.20;1126.20;000;
20091228 000000;1127.78;1127.78;1127.78;1127.78;000;
20091224 000000;1126.48;1126.48;1126.48;1126.48;000;
20091223 000000;1120.59;1120.59;1120.59;1120.59;000;
20091222 000000;1118.02;1118.02;1118.02;1118.02;000;
20091221 000000;1114.05;1114.05;1114.05;1114.05;000;
20091218 000000;1102.47;1102.47;1102.47;1102.47;000;
20091217 000000;1096.08;1096.08;1096.08;1096.08;000;
20091216 000000;1109.18;1109.18;1109.18;1109.18;000;
20091215 000000;1107.93;1107.93;1107.93;1107.93;000;
20091214 000000;1114.11;1114.11;1114.11;1114.11;000;
20091211 000000;1106.41;1106.41;1106.41;1106.41;000;
20091210 000000;1102.35;1102.35;1102.35;1102.35;000;
20091209 000000;1095.95;1095.95;1095.95;1095.95;000;
20091208 000000;1091.94;1091.94;1091.94;1091.94;000;
20091207 000000;1103.25;1103.25;1103.25;1103.25;000;
20091204 000000;1105.98;1105.98;1105.98;1105.98;000;
20091203 000000;1099.92;1099.92;1099.92;1099.92;000;
20091202 000000;1109.24;1109.24;1109.24;1109.24;000;
20091201 000000;1108.86;1108.86;1108.86;1108.86;000;
20091130 000000;1095.63;1095.63;1095.63;1095.63;000;
20091127 000000;1091.49;1091.49;1091.49;1091.49;000;
20091126 000000;1110.63;1110.63;1110.63;1110.63;000;
20091125 000000;1110.63;1110.63;1110.63;1110.63;000;
20091124 000000;1105.65;1105.65;1105.65;1105.65;000;
20091123 000000;1106.24;1106.24;1106.24;1106.24;000;
20091120 000000;1091.38;1091.38;1091.38;1091.38;000;
20091119 000000;1094.90;1094.90;1094.90;1094.90;000;
20091118 000000;1109.80;1109.80;1109.80;1109.80;000;
20091117 000000;1110.32;1110.32;1110.32;1110.32;000;
20091116 000000;1109.30;1109.30;1109.30;1109.30;000;
20091113 000000;1093.48;1093.48;1093.48;1093.48;000;
20091112 000000;1087.24;1087.24;1087.24;1087.24;000;
20091111 000000;1098.51;1098.51;1098.51;1098.51;000;
20091110 000000;1093.01;1093.01;1093.01;1093.01;000;
20091109 000000;1093.08;1093.08;1093.08;1093.08;000;
20091106 000000;1069.30;1069.30;1069.30;1069.30;000;
20091105 000000;1066.63;1066.63;1066.63;1066.63;000;
20091104 000000;1046.50;1046.50;1046.50;1046.50;000;
20091103 000000;1045.41;1045.41;1045.41;1045.41;000;
20091102 000000;1042.88;1042.88;1042.88;1042.88;000;
20091030 000000;1036.19;1036.19;1036.19;1036.19;000;
20091029 000000;1066.11;1066.11;1066.11;1066.11;000;
20091028 000000;1042.63;1042.63;1042.63;1042.63;000;
20091027 000000;1063.41;1063.41;1063.41;1063.41;000;
20091026 000000;1066.95;1066.95;1066.95;1066.95;000;
20091023 000000;1079.60;1079.60;1079.60;1079.60;000;
20091022 000000;1092.91;1092.91;1092.91;1092.91;000;
20091021 000000;1081.40;1081.40;1081.40;1081.40;000;
20091020 000000;1091.06;1091.06;1091.06;1091.06;000;
20091019 000000;1097.91;1097.91;1097.91;1097.91;000;
20091016 000000;1087.68;1087.68;1087.68;1087.68;000;
20091015 000000;1096.56;1096.56;1096.56;1096.56;000;
20091014 000000;1092.02;1092.02;1092.02;1092.02;000;
20091013 000000;1073.19;1073.19;1073.19;1073.19;000;
20091012 000000;1076.19;1076.19;1076.19;1076.19;000;
20091009 000000;1071.49;1071.49;1071.49;1071.49;000;
20091008 000000;1065.48;1065.48;1065.48;1065.48;000;
20091007 000000;1057.58;1057.58;1057.58;1057.58;000;
20091006 000000;1054.72;1054.72;1054.72;1054.72;000;
20091005 000000;1040.46;1040.46;1040.46;1040.46;000;
20091002 000000;1025.21;1025.21;1025.21;1025.21;000;
20091001 000000;1029.85;1029.85;1029.85;1029.85;000;
20090930 000000;1057.08;1057.08;1057.08;1057.08;000;
20090929 000000;1060.61;1060.61;1060.61;1060.61;000;
20090928 000000;1062.98;1062.98;1062.98;1062.98;000;
20090925 000000;1044.38;1044.38;1044.38;1044.38;000;
20090924 000000;1050.78;1050.78;1050.78;1050.78;000;
20090923 000000;1060.87;1060.87;1060.87;1060.87;000;
20090922 000000;1071.66;1071.66;1071.66;1071.66;000;
20090921 000000;1064.66;1064.66;1064.66;1064.66;000;
20090918 000000;1068.30;1068.30;1068.30;1068.30;000;
20090917 000000;1065.49;1065.49;1065.49;1065.49;000;
20090916 000000;1068.76;1068.76;1068.76;1068.76;000;
20090915 000000;1052.63;1052.63;1052.63;1052.63;000;
20090914 000000;1049.34;1049.34;1049.34;1049.34;000;
20090911 000000;1042.73;1042.73;1042.73;1042.73;000;
20090910 000000;1044.14;1044.14;1044.14;1044.14;000;
20090909 000000;1033.37;1033.37;1033.37;1033.37;000;
20090908 000000;1025.39;1025.39;1025.39;1025.39;000;
20090907 000000;1016.40;1016.40;1016.40;1016.40;000;
20090904 000000;1016.40;1016.40;1016.40;1016.40;000;
20090903 000000;1003.24;1003.24;1003.24;1003.24;000;
20090902 000000;994.76;994.76;994.76;994.76;000;
20090901 000000;998.04;998.04;998.04;998.04;000;
20090831 000000;1020.62;1020.62;1020.62;1020.62;000;
20090828 000000;1028.93;1028.93;1028.93;1028.93;000;
20090827 000000;1030.98;1030.98;1030.98;1030.98;000;
20090826 000000;1028.12;1028.12;1028.12;1028.12;000;
20090825 000000;1028.00;1028.00;1028.00;1028.00;000;
20090824 000000;1025.57;1025.57;1025.57;1025.57;000;
20090821 000000;1026.13;1026.13;1026.13;1026.13;000;
20090820 000000;1007.37;1007.37;1007.37;1007.37;000;
20090819 000000;996.46;996.46;996.46;996.46;000;
20090818 000000;989.67;989.67;989.67;989.67;000;
20090817 000000;979.73;979.73;979.73;979.73;000;
20090814 000000;1004.09;1004.09;1004.09;1004.09;000;
20090813 000000;1012.73;1012.73;1012.73;1012.73;000;
20090812 000000;1005.81;1005.81;1005.81;1005.81;000;
20090811 000000;994.35;994.35;994.35;994.35;000;
20090810 000000;1007.10;1007.10;1007.10;1007.10;000;
20090807 000000;1010.48;1010.48;1010.48;1010.48;000;
20090806 000000;997.08;997.08;997.08;997.08;000;
20090805 000000;1002.72;1002.72;1002.72;1002.72;000;
20090804 000000;1005.65;1005.65;1005.65;1005.65;000;
20090803 000000;1002.63;1002.63;1002.63;1002.63;000;
20090731 000000;987.47;987.47;987.47;987.47;000;
20090730 000000;986.75;986.75;986.75;986.75;000;
20090729 000000;975.15;975.15;975.15;975.15;000;
20090728 000000;979.62;979.62;979.62;979.62;000;
20090727 000000;982.18;982.18;982.18;982.18;000;
20090724 000000;979.26;979.26;979.26;979.26;000;
20090723 000000;976.29;976.29;976.29;976.29;000;
20090722 000000;954.07;954.07;954.07;954.07;000;
20090721 000000;954.58;954.58;954.58;954.58;000;
20090720 000000;951.13;951.13;951.13;951.13;000;
20090717 000000;940.38;940.38;940.38;940.38;000;
20090716 000000;940.74;940.74;940.74;940.74;000;
20090715 000000;932.68;932.68;932.68;932.68;000;
20090714 000000;905.84;905.84;905.84;905.84;000;
20090713 000000;901.05;901.05;901.05;901.05;000;
20090710 000000;879.13;879.13;879.13;879.13;000;
20090709 000000;882.68;882.68;882.68;882.68;000;
20090708 000000;879.56;879.56;879.56;879.56;000;
20090707 000000;881.03;881.03;881.03;881.03;000;
20090706 000000;898.72;898.72;898.72;898.72;000;
20090703 000000;896.42;896.42;896.42;896.42;000;
20090702 000000;896.42;896.42;896.42;896.42;000;
20090701 000000;923.33;923.33;923.33;923.33;000;
20090630 000000;919.32;919.32;919.32;919.32;000;
20090629 000000;927.23;927.23;927.23;927.23;000;
20090626 000000;918.90;918.90;918.90;918.90;000;
20090625 000000;920.26;920.26;920.26;920.26;000;
20090624 000000;900.94;900.94;900.94;900.94;000;
20090623 000000;895.10;895.10;895.10;895.10;000;
20090622 000000;893.04;893.04;893.04;893.04;000;
20090619 000000;921.23;921.23;921.23;921.23;000;
20090618 000000;918.37;918.37;918.37;918.37;000;
20090617 000000;910.71;910.71;910.71;910.71;000;
20090616 000000;911.97;911.97;911.97;911.97;000;
20090615 000000;923.72;923.72;923.72;923.72;000;
20090612 000000;946.21;946.21;946.21;946.21;000;
20090611 000000;944.89;944.89;944.89;944.89;000;
20090610 000000;939.15;939.15;939.15;939.15;000;
20090609 000000;942.43;942.43;942.43;942.43;000;
20090608 000000;939.14;939.14;939.14;939.14;000;
20090605 000000;940.09;940.09;940.09;940.09;000;
20090604 000000;942.46;942.46;942.46;942.46;000;
20090603 000000;931.76;931.76;931.76;931.76;000;
20090602 000000;944.74;944.74;944.74;944.74;000;
20090601 000000;942.87;942.87;942.87;942.87;000;
20090529 000000;919.14;919.14;919.14;919.14;000;
20090528 000000;906.83;906.83;906.83;906.83;000;
20090527 000000;893.06;893.06;893.06;893.06;000;
20090526 000000;910.33;910.33;910.33;910.33;000;
20090522 000000;887.00;887.00;887.00;887.00;000;
20090521 000000;888.33;888.33;888.33;888.33;000;
20090520 000000;903.47;903.47;903.47;903.47;000;
20090519 000000;908.13;908.13;908.13;908.13;000;
20090518 000000;909.71;909.71;909.71;909.71;000;
20090515 000000;882.88;882.88;882.88;882.88;000;
20090514 000000;893.07;893.07;893.07;893.07;000;
20090513 000000;883.92;883.92;883.92;883.92;000;
20090512 000000;908.35;908.35;908.35;908.35;000;
20090511 000000;909.24;909.24;909.24;909.24;000;
20090508 000000;929.23;929.23;929.23;929.23;000;
20090507 000000;907.39;907.39;907.39;907.39;000;
20090506 000000;919.53;919.53;919.53;919.53;000;
20090505 000000;903.80;903.80;903.80;903.80;000;
20090504 000000;907.24;907.24;907.24;907.24;000;
20090501 000000;877.52;877.52;877.52;877.52;000;
20090430 000000;872.81;872.81;872.81;872.81;000;
20090429 000000;873.64;873.64;873.64;873.64;000;
20090428 000000;855.16;855.16;855.16;855.16;000;
20090427 000000;857.51;857.51;857.51;857.51;000;
20090424 000000;866.23;866.23;866.23;866.23;000;
20090423 000000;851.92;851.92;851.92;851.92;000;
20090422 000000;843.55;843.55;843.55;843.55;000;
20090421 000000;850.08;850.08;850.08;850.08;000;
20090420 000000;832.39;832.39;832.39;832.39;000;
20090417 000000;869.60;869.60;869.60;869.60;000;
20090416 000000;865.30;865.30;865.30;865.30;000;
20090415 000000;852.06;852.06;852.06;852.06;000;
20090414 000000;841.51;841.51;841.51;841.51;000;
20090413 000000;858.73;858.73;858.73;858.73;000;
20090409 000000;856.56;856.56;856.56;856.56;000;
20090408 000000;825.16;825.16;825.16;825.16;000;
20090407 000000;815.55;815.55;815.55;815.55;000;
20090406 000000;835.48;835.48;835.48;835.48;000;
20090403 000000;842.50;842.50;842.50;842.50;000;
20090402 000000;834.38;834.38;834.38;834.38;000;
20090401 000000;811.08;811.08;811.08;811.08;000;
20090331 000000;797.87;797.87;797.87;797.87;000;
20090330 000000;787.53;787.53;787.53;787.53;000;
20090327 000000;815.94;815.94;815.94;815.94;000;
20090326 000000;832.86;832.86;832.86;832.86;000;
20090325 000000;813.88;813.88;813.88;813.88;000;
20090324 000000;806.12;806.12;806.12;806.12;000;
20090323 000000;822.91;822.91;822.91;822.91;000;
20090320 000000;768.54;768.54;768.54;768.54;000;
20090319 000000;784.04;784.04;784.04;784.04;000;
20090318 000000;794.35;794.35;794.35;794.35;000;
20090317 000000;778.12;778.12;778.12;778.12;000;
20090316 000000;753.89;753.89;753.89;753.89;000;
20090313 000000;756.55;756.55;756.55;756.55;000;
20090312 000000;750.74;750.74;750.74;750.74;000;
20090311 000000;721.36;721.36;721.36;721.36;000;
20090310 000000;719.60;719.60;719.60;719.60;000;
20090309 000000;676.53;676.53;676.53;676.53;000;
20090306 000000;683.38;683.38;683.38;683.38;000;
20090305 000000;682.55;682.55;682.55;682.55;000;
20090304 000000;712.87;712.87;712.87;712.87;000;
20090303 000000;696.33;696.33;696.33;696.33;000;
20090302 000000;700.82;700.82;700.82;700.82;000;
20090227 000000;735.09;735.09;735.09;735.09;000;
20090226 000000;752.83;752.83;752.83;752.83;000;
20090225 000000;764.90;764.90;764.90;764.90;000;
20090224 000000;773.15;773.15;773.15;773.15;000;
20090223 000000;743.33;743.33;743.33;743.33;000;
20090220 000000;770.05;770.05;770.05;770.05;000;
20090219 000000;778.94;778.94;778.94;778.94;000;
20090218 000000;788.42;788.42;788.42;788.42;000;
20090217 000000;789.17;789.17;789.17;789.17;000;
20090213 000000;826.84;826.84;826.84;826.84;000;
20090212 000000;835.19;835.19;835.19;835.19;000;
20090211 000000;833.73;833.73;833.73;833.73;000;
20090210 000000;827.16;827.16;827.16;827.16;000;
20090209 000000;869.89;869.89;869.89;869.89;000;
20090206 000000;868.60;868.60;868.60;868.60;000;
20090205 000000;845.85;845.85;845.85;845.85;000;
20090204 000000;832.23;832.23;832.23;832.23;000;
20090203 000000;838.51;838.51;838.51;838.51;000;
20090202 000000;825.44;825.44;825.44;825.44;000;
20090130 000000;825.88;825.88;825.88;825.88;000;
20090129 000000;845.14;845.14;845.14;845.14;000;
20090128 000000;874.09;874.09;874.09;874.09;000;
20090127 000000;845.71;845.71;845.71;845.71;000;
20090126 000000;836.57;836.57;836.57;836.57;000;
20090123 000000;831.95;831.95;831.95;831.95;000;
20090122 000000;827.49;827.49;827.49;827.49;000;
20090121 000000;840.24;840.24;840.24;840.24;000;
20090120 000000;805.22;805.22;805.22;805.22;000;
20090116 000000;850.12;850.12;850.12;850.12;000;
20090115 000000;843.74;843.74;843.74;843.74;000;
20090114 000000;842.62;842.62;842.62;842.62;000;
20090113 000000;871.78;871.78;871.78;871.78;000;
20090112 000000;870.26;870.26;870.26;870.26;000;
20090109 000000;890.35;890.35;890.35;890.35;000;
20090108 000000;909.73;909.73;909.73;909.73;000;
20090107 000000;906.65;906.65;906.65;906.65;000;
20090106 000000;934.70;934.70;934.70;934.70;000;
20090105 000000;927.45;927.45;927.45;927.45;000;
20090102 000000;931.80;931.80;931.80;931.80;000;
20081231 000000;903.26;903.26;903.26;903.26;000;
20081230 000000;890.64;890.64;890.64;890.64;000;
20081229 000000;869.42;869.42;869.42;869.42;000;
20081226 000000;872.80;872.80;872.80;872.80;000;
20081224 000000;868.15;868.15;868.15;868.15;000;
20081223 000000;863.16;863.16;863.16;863.16;000;
20081222 000000;871.63;871.63;871.63;871.63;000;
20081219 000000;887.88;887.88;887.88;887.88;000;
20081218 000000;885.28;885.28;885.28;885.28;000;
20081217 000000;904.42;904.42;904.42;904.42;000;
20081216 000000;913.18;913.18;913.18;913.18;000;
20081215 000000;868.57;868.57;868.57;868.57;000;
20081212 000000;879.73;879.73;879.73;879.73;000;
20081211 000000;873.59;873.59;873.59;873.59;000;
20081210 000000;899.24;899.24;899.24;899.24;000;
20081209 000000;888.67;888.67;888.67;888.67;000;
20081208 000000;909.70;909.70;909.70;909.70;000;
20081205 000000;876.07;876.07;876.07;876.07;000;
20081204 000000;845.22;845.22;845.22;845.22;000;
20081203 000000;870.74;870.74;870.74;870.74;000;
20081202 000000;848.81;848.81;848.81;848.81;000;
20081201 000000;816.21;816.21;816.21;816.21;000;
20081128 000000;896.24;896.24;896.24;896.24;000;
20081126 000000;887.68;887.68;887.68;887.68;000;
20081125 000000;857.39;857.39;857.39;857.39;000;
20081124 000000;851.81;851.81;851.81;851.81;000;
20081121 000000;800.03;800.03;800.03;800.03;000;
20081120 000000;752.44;752.44;752.44;752.44;000;
20081119 000000;806.58;806.58;806.58;806.58;000;
20081118 000000;859.12;859.12;859.12;859.12;000;
20081117 000000;850.75;850.75;850.75;850.75;000;
20081114 000000;873.29;873.29;873.29;873.29;000;
20081113 000000;911.29;911.29;911.29;911.29;000;
20081112 000000;852.30;852.30;852.30;852.30;000;
20081111 000000;898.96;898.96;898.96;898.96;000;
20081110 000000;919.21;919.21;919.21;919.21;000;
20081107 000000;930.99;930.99;930.99;930.99;000;
20081106 000000;904.88;904.88;904.88;904.88;000;
20081105 000000;952.77;952.77;952.77;952.77;000;
20081104 000000;1005.75;1005.75;1005.75;1005.75;000;
20081103 000000;966.30;966.30;966.30;966.30;000;
20081031 000000;968.75;968.75;968.75;968.75;000;
20081030 000000;954.09;954.09;954.09;954.09;000;
20081029 000000;930.09;930.09;930.09;930.09;000;
20081028 000000;940.51;940.51;940.51;940.51;000;
20081027 000000;848.92;848.92;848.92;848.92;000;
20081024 000000;876.77;876.77;876.77;876.77;000;
20081023 000000;908.11;908.11;908.11;908.11;000;
20081022 000000;896.78;896.78;896.78;896.78;000;
20081021 000000;955.05;955.05;955.05;955.05;000;
20081020 000000;985.40;985.40;985.40;985.40;000;
20081017 000000;940.55;940.55;940.55;940.55;000;
20081016 000000;946.43;946.43;946.43;946.43;000;
20081015 000000;907.84;907.84;907.84;907.84;000;
20081014 000000;998.01;998.01;998.01;998.01;000;
20081013 000000;1003.35;1003.35;1003.35;1003.35;000;
20081010 000000;899.22;899.22;899.22;899.22;000;
20081009 000000;909.92;909.92;909.92;909.92;000;
20081008 000000;984.94;984.94;984.94;984.94;000;
20081007 000000;996.23;996.23;996.23;996.23;000;
20081006 000000;1056.89;1056.89;1056.89;1056.89;000;
20081003 000000;1099.23;1099.23;1099.23;1099.23;000;
20081002 000000;1114.28;1114.28;1114.28;1114.28;000;
20081001 000000;1161.06;1161.06;1161.06;1161.06;000;
20080930 000000;1166.36;1166.36;1166.36;1166.36;000;
20080929 000000;1106.39;1106.39;1106.39;1106.39;000;
20080926 000000;1213.01;1213.01;1213.01;1213.01;000;
20080925 000000;1209.18;1209.18;1209.18;1209.18;000;
20080924 000000;1185.87;1185.87;1185.87;1185.87;000;
20080923 000000;1188.22;1188.22;1188.22;1188.22;000;
20080922 000000;1207.09;1207.09;1207.09;1207.09;000;
20080919 000000;1255.08;1255.08;1255.08;1255.08;000;
20080918 000000;1206.51;1206.51;1206.51;1206.51;000;
20080917 000000;1156.39;1156.39;1156.39;1156.39;000;
20080916 000000;1213.59;1213.59;1213.59;1213.59;000;
20080915 000000;1192.70;1192.70;1192.70;1192.70;000;
20080912 000000;1251.70;1251.70;1251.70;1251.70;000;
20080911 000000;1249.05;1249.05;1249.05;1249.05;000;
20080910 000000;1232.04;1232.04;1232.04;1232.04;000;
20080909 000000;1224.51;1224.51;1224.51;1224.51;000;
20080908 000000;1267.79;1267.79;1267.79;1267.79;000;
20080905 000000;1242.31;1242.31;1242.31;1242.31;000;
20080904 000000;1236.83;1236.83;1236.83;1236.83;000;
20080903 000000;1274.98;1274.98;1274.98;1274.98;000;
20080902 000000;1277.58;1277.58;1277.58;1277.58;000;
20080829 000000;1282.83;1282.83;1282.83;1282.83;000;
20080828 000000;1300.68;1300.68;1300.68;1300.68;000;
20080827 000000;1281.66;1281.66;1281.66;1281.66;000;
20080826 000000;1271.51;1271.51;1271.51;1271.51;000;
20080825 000000;1266.84;1266.84;1266.84;1266.84;000;
20080822 000000;1292.20;1292.20;1292.20;1292.20;000;
20080821 000000;1277.72;1277.72;1277.72;1277.72;000;
20080820 000000;1274.54;1274.54;1274.54;1274.54;000;
20080819 000000;1266.69;1266.69;1266.69;1266.69;000;
20080818 000000;1278.60;1278.60;1278.60;1278.60;000;
20080815 000000;1298.20;1298.20;1298.20;1298.20;000;
20080814 000000;1292.93;1292.93;1292.93;1292.93;000;
20080813 000000;1285.83;1285.83;1285.83;1285.83;000;
20080812 000000;1289.59;1289.59;1289.59;1289.59;000;
20080811 000000;1305.32;1305.32;1305.32;1305.32;000;
20080808 000000;1296.32;1296.32;1296.32;1296.32;000;
20080807 000000;1266.07;1266.07;1266.07;1266.07;000;
20080806 000000;1289.19;1289.19;1289.19;1289.19;000;
20080805 000000;1284.88;1284.88;1284.88;1284.88;000;
20080804 000000;1249.01;1249.01;1249.01;1249.01;000;
20080801 000000;1260.31;1260.31;1260.31;1260.31;000;
20080731 000000;1267.38;1267.38;1267.38;1267.38;000;
20080730 000000;1284.26;1284.26;1284.26;1284.26;000;
20080729 000000;1263.20;1263.20;1263.20;1263.20;000;
20080728 000000;1234.37;1234.37;1234.37;1234.37;000;
20080725 000000;1257.76;1257.76;1257.76;1257.76;000;
20080724 000000;1252.54;1252.54;1252.54;1252.54;000;
20080723 000000;1282.19;1282.19;1282.19;1282.19;000;
20080722 000000;1277.00;1277.00;1277.00;1277.00;000;
20080721 000000;1260.00;1260.00;1260.00;1260.00;000;
20080718 000000;1260.68;1260.68;1260.68;1260.68;000;
20080717 000000;1260.32;1260.32;1260.32;1260.32;000;
20080716 000000;1245.36;1245.36;1245.36;1245.36;000;
20080715 000000;1214.91;1214.91;1214.91;1214.91;000;
20080714 000000;1228.30;1228.30;1228.30;1228.30;000;
20080711 000000;1239.49;1239.49;1239.49;1239.49;000;
20080710 000000;1253.39;1253.39;1253.39;1253.39;000;
20080709 000000;1244.69;1244.69;1244.69;1244.69;000;
20080708 000000;1273.70;1273.70;1273.70;1273.70;000;
20080707 000000;1252.31;1252.31;1252.31;1252.31;000;
20080703 000000;1262.90;1262.90;1262.90;1262.90;000;
20080702 000000;1261.52;1261.52;1261.52;1261.52;000;
20080701 000000;1284.91;1284.91;1284.91;1284.91;000;
20080630 000000;1280.00;1280.00;1280.00;1280.00;000;
20080627 000000;1278.38;1278.38;1278.38;1278.38;000;
20080626 000000;1283.15;1283.15;1283.15;1283.15;000;
20080625 000000;1321.97;1321.97;1321.97;1321.97;000;
20080624 000000;1314.29;1314.29;1314.29;1314.29;000;
20080623 000000;1318.00;1318.00;1318.00;1318.00;000;
20080620 000000;1317.93;1317.93;1317.93;1317.93;000;
20080619 000000;1342.83;1342.83;1342.83;1342.83;000;
20080618 000000;1337.81;1337.81;1337.81;1337.81;000;
20080617 000000;1350.93;1350.93;1350.93;1350.93;000;
20080616 000000;1360.14;1360.14;1360.14;1360.14;000;
20080613 000000;1360.03;1360.03;1360.03;1360.03;000;
20080612 000000;1339.87;1339.87;1339.87;1339.87;000;
20080611 000000;1335.49;1335.49;1335.49;1335.49;000;
20080610 000000;1358.44;1358.44;1358.44;1358.44;000;
20080609 000000;1361.76;1361.76;1361.76;1361.76;000;
20080606 000000;1360.68;1360.68;1360.68;1360.68;000;
20080605 000000;1404.05;1404.05;1404.05;1404.05;000;
20080604 000000;1377.20;1377.20;1377.20;1377.20;000;
20080603 000000;1377.65;1377.65;1377.65;1377.65;000;
20080602 000000;1385.67;1385.67;1385.67;1385.67;000;
20080530 000000;1400.38;1400.38;1400.38;1400.38;000;
20080529 000000;1398.26;1398.26;1398.26;1398.26;000;
20080528 000000;1390.84;1390.84;1390.84;1390.84;000;
20080527 000000;1385.35;1385.35;1385.35;1385.35;000;
20080523 000000;1375.93;1375.93;1375.93;1375.93;000;
20080522 000000;1394.35;1394.35;1394.35;1394.35;000;
20080521 000000;1390.71;1390.71;1390.71;1390.71;000;
20080520 000000;1413.40;1422.91;1409.30;1413.40;000;
20080519 000000;1426.63;1440.24;1421.83;1426.63;000;
20080516 000000;1425.35;1425.82;1414.82;1425.35;000;
20080515 000000;1423.57;1424.00;1406.87;1423.57;000;
20080514 000000;1408.66;1420.19;1405.65;1408.66;000;
20080513 000000;1403.04;1403.04;1403.04;1403.04;000;
20080512 000000;1403.58;1403.58;1403.58;1403.58;000;
20080509 000000;1388.28;1388.28;1388.28;1388.28;000;
20080508 000000;1395.94;1398.43;1389.89;1395.94;000;
20080507 000000;1392.57;1419.54;1391.44;1392.57;000;
20080506 000000;1418.26;1421.34;1397.10;1418.26;000;
20080505 000000;1407.49;1415.70;1404.37;1407.49;000;
20080502 000000;1413.90;1422.44;1406.85;1413.90;000;
20080501 000000;1409.34;1409.80;1383.07;1409.34;000;
20080430 000000;1385.59;1404.41;1384.77;1385.59;000;
20080429 000000;1390.94;1397.00;1386.70;1390.94;000;
20080428 000000;1396.37;1402.90;1394.82;1396.37;000;
20080425 000000;1397.84;1398.33;1379.98;1397.84;000;
20080424 000000;1388.82;1397.72;1371.09;1388.82;000;
20080423 000000;1379.93;1387.87;1372.24;1379.93;000;
20080422 000000;1375.94;1386.43;1369.84;1375.94;000;
20080421 000000;1388.17;1389.96;1379.36;1388.17;000;
20080418 000000;1390.33;1395.72;1374.99;1390.33;000;
20080417 000000;1365.56;1368.45;1357.25;1365.56;000;
20080416 000000;1364.71;1365.49;1337.02;1364.71;000;
20080415 000000;1334.43;1337.72;1324.44;1334.43;000;
20080414 000000;1328.32;1335.56;1326.16;1328.32;000;
20080411 000000;1332.83;1350.11;1331.44;1332.83;000;
20080410 000000;1360.55;1367.24;1350.11;1360.55;000;
20080409 000000;1354.49;1368.01;1349.97;1354.49;000;
20080408 000000;1365.54;1369.99;1360.83;1365.54;000;
20080407 000000;1372.54;1386.22;1369.17;1372.54;000;
20080404 000000;1370.40;1380.75;1363.80;1370.40;000;
20080403 000000;1369.31;1375.66;1358.68;1369.31;000;
20080402 000000;1367.53;1377.95;1361.55;1367.53;000;
20080401 000000;1370.18;1370.18;1326.41;1370.18;000;
20080331 000000;1322.70;1328.52;1312.81;1322.70;000;
20080328 000000;1315.22;1334.59;1313.94;1315.22;000;
20080327 000000;1325.76;1345.43;1325.76;1325.76;000;
20080326 000000;1341.13;1352.45;1336.41;1341.13;000;
20080325 000000;1352.99;1357.22;1341.44;1352.99;000;
20080324 000000;1349.88;1359.68;1330.29;1349.88;000;
20080320 000000;1329.51;1330.67;1295.22;1329.51;000;
20080319 000000;1298.42;1341.51;1298.42;1298.42;000;
20080318 000000;1330.74;1330.74;1297.44;1330.74;000;
20080317 000000;1276.60;1286.81;1257.40;1276.60;000;
20080314 000000;1288.14;1320.89;1274.92;1288.14;000;
20080313 000000;1315.48;1321.62;1283.00;1315.48;000;
20080312 000000;1308.77;1333.26;1307.86;1308.77;000;
20080311 000000;1320.65;1320.65;1274.40;1320.65;000;
20080310 000000;1273.37;1295.01;1272.81;1273.37;000;
20080307 000000;1293.37;1312.68;1282.43;1293.37;000;
20080306 000000;1304.34;1330.71;1303.46;1304.34;000;
20080305 000000;1333.70;1344.01;1320.52;1333.70;000;
20080304 000000;1326.75;1330.34;1307.39;1326.75;000;
20080303 000000;1331.34;1335.13;1320.04;1331.34;000;
20080229 000000;1330.63;1364.07;1325.66;1330.63;000;
20080228 000000;1367.68;1378.16;1363.16;1367.68;000;
20080227 000000;1380.02;1388.34;1372.49;1380.02;000;
20080226 000000;1381.29;1387.34;1363.89;1381.29;000;
20080225 000000;1371.80;1373.26;1346.03;1371.80;000;
20080222 000000;1353.11;1354.30;1327.04;1353.11;000;
20080221 000000;1342.53;1367.94;1339.77;1342.53;000;
20080220 000000;1360.03;1363.71;1336.55;1360.03;000;
20080219 000000;1348.78;1363.05;1345.79;1348.78;000;
20080215 000000;1349.99;1350.00;1338.13;1349.99;000;
20080214 000000;1348.86;1368.16;1347.54;1348.86;000;
20080213 000000;1367.21;1368.92;1350.95;1367.21;000;
20080212 000000;1348.86;1362.02;1340.55;1348.86;000;
20080211 000000;1339.13;1341.40;1320.32;1339.13;000;
20080208 000000;1331.29;1341.22;1321.33;1331.29;000;
20080207 000000;1336.91;1345.69;1316.75;1336.91;000;
20080206 000000;1326.45;1351.96;1324.42;1326.45;000;
20080205 000000;1336.64;1368.38;1336.64;1336.64;000;
20080204 000000;1380.82;1393.34;1379.88;1380.82;000;
20080201 000000;1395.42;1396.02;1375.93;1395.42;000;
20080131 000000;1378.55;1385.62;1334.08;1378.55;000;
20080130 000000;1355.81;1385.86;1353.42;1355.81;000;
20080129 000000;1362.30;1364.93;1350.19;1362.30;000;
20080128 000000;1353.96;1353.97;1322.44;1353.96;000;
20080125 000000;1330.61;1367.05;1327.58;1330.61;000;
20080124 000000;1352.07;1353.86;1334.31;1352.07;000;
20080123 000000;1338.60;1338.81;1271.11;1338.60;000;
20080122 000000;1310.50;1322.07;1275.62;1310.50;000;
20080118 000000;1325.19;1350.28;1312.51;1325.19;000;
20080117 000000;1333.25;1377.68;1331.05;1333.25;000;
20080116 000000;1373.20;1391.55;1367.47;1373.20;000;
20080115 000000;1380.95;1411.88;1380.68;1380.95;000;
20080114 000000;1416.25;1417.49;1402.91;1416.25;000;
20080111 000000;1401.02;1419.91;1395.44;1401.02;205043900;
20080110 000000;1420.33;1429.09;1395.42;1420.33;000;
20080109 000000;1409.13;1409.19;1379.26;1409.13;129534700;
20080108 000000;1390.19;1430.13;1389.09;1390.19;000;
20080107 000000;1416.18;1423.87;1403.45;1416.18;000;
20080104 000000;1411.63;1444.01;1411.19;1411.63;000;
20080103 000000;1447.16;1456.80;1443.89;1447.16;000;
20080102 000000;1447.16;1471.71;1442.24;1447.16;000;
